-- MySQL dump 10.19  Distrib 10.3.29-MariaDB, for debian-linux-gnu (x86_64)
--
-- Host: 127.0.0.1    Database: networkdsb_DEV
-- ------------------------------------------------------
-- Server version	10.3.29-MariaDB-0ubuntu0.20.04.1

/*!40101 SET @OLD_CHARACTER_SET_CLIENT=@@CHARACTER_SET_CLIENT */;
/*!40101 SET @OLD_CHARACTER_SET_RESULTS=@@CHARACTER_SET_RESULTS */;
/*!40101 SET @OLD_COLLATION_CONNECTION=@@COLLATION_CONNECTION */;
/*!40101 SET NAMES utf8mb4 */;
/*!40103 SET @OLD_TIME_ZONE=@@TIME_ZONE */;
/*!40103 SET TIME_ZONE='+00:00' */;
/*!40014 SET @OLD_UNIQUE_CHECKS=@@UNIQUE_CHECKS, UNIQUE_CHECKS=0 */;
/*!40014 SET @OLD_FOREIGN_KEY_CHECKS=@@FOREIGN_KEY_CHECKS, FOREIGN_KEY_CHECKS=0 */;
/*!40101 SET @OLD_SQL_MODE=@@SQL_MODE, SQL_MODE='NO_AUTO_VALUE_ON_ZERO' */;
/*!40111 SET @OLD_SQL_NOTES=@@SQL_NOTES, SQL_NOTES=0 */;

--
-- Table structure for table `SequelizeMeta`
--

DROP TABLE IF EXISTS `SequelizeMeta`;
/*!40101 SET @saved_cs_client     = @@character_set_client */;
/*!40101 SET character_set_client = utf8 */;
CREATE TABLE `SequelizeMeta` (
  `name` varchar(255) COLLATE utf8_unicode_ci NOT NULL,
  PRIMARY KEY (`name`),
  UNIQUE KEY `name` (`name`)
) ENGINE=InnoDB DEFAULT CHARSET=utf8 COLLATE=utf8_unicode_ci;
/*!40101 SET character_set_client = @saved_cs_client */;

--
-- Dumping data for table `SequelizeMeta`
--

LOCK TABLES `SequelizeMeta` WRITE;
/*!40000 ALTER TABLE `SequelizeMeta` DISABLE KEYS */;
/*!40000 ALTER TABLE `SequelizeMeta` ENABLE KEYS */;
UNLOCK TABLES;

--
-- Table structure for table `baie`
--

DROP TABLE IF EXISTS `baie`;
/*!40101 SET @saved_cs_client     = @@character_set_client */;
/*!40101 SET character_set_client = utf8 */;
CREATE TABLE `baie` (
  `id_baie` int(11) unsigned NOT NULL AUTO_INCREMENT,
  `nom_baie` varchar(20) NOT NULL DEFAULT '',
  `visible` int(11) NOT NULL DEFAULT 1,
  `id_salle` int(10) unsigned DEFAULT NULL,
  `id_objet` int(10) unsigned DEFAULT NULL,
  PRIMARY KEY (`id_baie`)
) ENGINE=InnoDB AUTO_INCREMENT=18 DEFAULT CHARSET=latin1;
/*!40101 SET character_set_client = @saved_cs_client */;

--
-- Dumping data for table `baie`
--

LOCK TABLES `baie` WRITE;
/*!40000 ALTER TABLE `baie` DISABLE KEYS */;
INSERT INTO `baie` VALUES (1,'SW1',0,1,NULL),(2,'SW2',0,1,NULL),(3,'SW3',0,1,NULL),(4,'RJ45',0,1,NULL),(5,'SERVEUR 1',0,1,NULL),(6,'Quadrupleurs',1,1,NULL),(7,'Matériels',1,1,NULL),(8,'SERVEUR 2',0,1,NULL),(9,'OLT PROD',0,1,NULL),(10,'OLT-PT',0,1,NULL),(11,'DSLAM',0,1,NULL),(12,'FO',0,1,NULL),(13,'LAB',0,2,180),(14,'SRVLAB',0,2,181),(15,'Matériels',1,2,NULL),(16,'OLT-ALCATEL',1,1,NULL),(17,'COAX',1,1,NULL);
/*!40000 ALTER TABLE `baie` ENABLE KEYS */;
UNLOCK TABLES;

--
-- Table structure for table `donnees`
--

DROP TABLE IF EXISTS `donnees`;
/*!40101 SET @saved_cs_client     = @@character_set_client */;
/*!40101 SET character_set_client = utf8 */;
CREATE TABLE `donnees` (
  `id_donnees` bigint(20) NOT NULL AUTO_INCREMENT,
  `id_meta` int(11) NOT NULL,
  `type_obj` enum('Baie','Equipement','Link','LinkUser','Port','Site','Salle','User') NOT NULL,
  `id_obj` int(11) NOT NULL,
  `valeur` varchar(100) NOT NULL,
  `id_user` int(11) DEFAULT NULL,
  `date_update` datetime DEFAULT NULL,
  PRIMARY KEY (`id_donnees`)
) ENGINE=InnoDB AUTO_INCREMENT=220 DEFAULT CHARSET=utf8mb4;
/*!40101 SET character_set_client = @saved_cs_client */;

--
-- Dumping data for table `donnees`
--

LOCK TABLES `donnees` WRITE;
/*!40000 ALTER TABLE `donnees` DISABLE KEYS */;
INSERT INTO `donnees` VALUES (1,600,'Port',735,'FULL ROUTE',77,NULL),(2,600,'Port',736,'FULL ROUTE',77,NULL),(5,100,'Link',123,'Inter-SW-1-3',77,NULL),(6,100,'Link',215,'Inter-SW-2-3',77,NULL),(7,100,'Link',233,'Vers SrvAppli',77,NULL),(8,100,'Link',234,'Vers Idrac srvAppli',77,NULL),(9,100,'Link',264,'Inter-SW-2-3',77,NULL),(10,100,'Link',265,'Inter-SW-3-1',77,NULL),(11,100,'Link',323,'Inter-SW-1-3',77,NULL),(12,100,'Link',326,'Inter-SW-2-3',77,NULL),(13,100,'Link',763,'SW Stack',77,NULL),(14,100,'Link',764,'NAS SERV 1',77,NULL),(15,100,'Link',765,'NAS SERV 2',77,NULL),(16,100,'Link',769,'LAN TREX',77,NULL),(20,100,'Port',735,'FULL ROUTE',77,NULL),(21,100,'Port',736,'FULL ROUTE',77,NULL),(22,100,'Port',737,'FULL ROUTE',77,NULL),(23,100,'Port',738,'FULL ROUTE',77,NULL),(24,100,'Port',739,'FULL ROUTE',77,NULL),(25,100,'Port',740,'FULL ROUTE',77,NULL),(26,100,'Port',741,'FULL ROUTE',77,NULL),(27,100,'Port',742,'FULL ROUTE',77,NULL),(28,100,'Port',743,'FULL ROUTE',77,NULL),(29,100,'Port',744,'FULL ROUTE',77,NULL),(30,100,'Port',745,'FULL ROUTE',77,NULL),(31,100,'Port',746,'FULL ROUTE',77,NULL),(32,100,'Port',747,'FULL ROUTE',77,NULL),(33,100,'Port',748,'FULL ROUTE',77,NULL),(34,100,'Port',749,'FULL ROUTE',77,NULL),(35,100,'Port',750,'FULL ROUTE',77,NULL),(36,100,'Port',751,'FULL ROUTE',77,NULL),(37,100,'Port',752,'FULL ROUTE',77,NULL),(38,100,'Port',753,'FAUX ROUTE',77,NULL),(39,100,'Port',754,'FAUX ROUTE',77,NULL),(40,100,'Port',1356,'10G',77,NULL),(41,100,'Port',1359,'Port de management',77,NULL),(42,100,'Port',1360,'1G',77,NULL),(43,100,'Port',1361,'1G',77,NULL),(44,100,'Port',1362,'Port ethrenet relié à un port USB',77,NULL),(45,100,'Port',1363,'SFP 10G',77,NULL),(46,100,'Port',1364,'SFP 10G',77,NULL),(47,100,'Port',1365,'1G Eth',77,NULL),(48,100,'Port',1366,'1G Eth',77,NULL),(49,100,'Port',1367,'1G Eth',77,NULL),(50,100,'Port',1368,'1G Eth',77,NULL),(51,100,'Port',1373,'Port de management',77,NULL),(52,100,'Port',1374,'Port ethrenet relié à un port USB',77,NULL),(53,100,'Port',1378,'Port iLO 2',77,NULL),(54,100,'Port',1381,'Port de management',77,NULL),(55,100,'Port',1382,'Port ethrenet relié à un port USB',77,NULL),(56,100,'Port',1383,'Port ethrenet relié à un port USB',77,NULL),(57,100,'Port',1451,'Port iLO',77,NULL),(58,100,'Port',1886,'G1/2',77,NULL),(59,100,'Port',1892,'G1/5',77,NULL),(60,100,'Port',2162,'Port IN',77,NULL),(61,100,'Port',2722,'Cu0_0',77,NULL),(62,100,'Port',2723,'Cu0_0',77,NULL),(63,100,'Port',2724,'Cu1_0',77,NULL),(64,100,'Port',2725,'Cu1_0',77,NULL),(65,100,'Port',2726,'Cu1_0',77,NULL),(66,100,'Port',2727,'Cu1_0',77,NULL),(67,100,'Port',2728,'fi0_0',77,NULL),(68,100,'Port',2729,'fi0_0',77,NULL),(69,100,'Port',2730,'fi0_0',77,NULL),(70,100,'Port',2731,'fi0_0',77,NULL),(71,100,'Port',2732,'G1',77,NULL),(72,100,'Port',2733,'G2',77,NULL),(73,100,'Port',2734,'Idrac',77,NULL),(74,100,'Port',2735,'Cu3_0',77,NULL),(75,100,'Port',2736,'Cu3_0',77,NULL),(76,100,'Port',2737,'Cu3_0',77,NULL),(77,100,'Port',2738,'Cu3_0',77,NULL),(78,100,'Port',2739,'Cu2_0',77,NULL),(79,100,'Port',2740,'Cu2_0',77,NULL),(80,100,'Port',2741,'Cu2_0',77,NULL),(81,100,'Port',2742,'Cu2_0',77,NULL),(82,100,'Port',2747,'10Cu0_0',77,NULL),(83,100,'Port',2748,'10Cu0_0',77,NULL),(84,100,'Port',2749,'10Cu0_0',77,NULL),(85,100,'Port',2750,'10Cu0_0',77,NULL),(200,300,'Port',2039,'4646654',77,NULL),(201,200,'Port',2039,'45654',77,NULL),(202,500,'Port',2039,'zrze',77,NULL),(203,100,'Link',90,'Next commentaire',77,NULL),(207,100,'LinkUser',99,'fdfds',77,NULL),(208,100,'LinkUser',98,'testr',77,NULL),(210,100,'User',129,'rbt test',129,NULL),(212,100,'LinkUser',2117,'dsq',77,NULL),(213,100,'LinkUser',97,'dsds',77,NULL),(214,100,'User',77,'test commentaire',77,NULL),(217,100,'LinkUser',2117,'tiptip',129,NULL);
/*!40000 ALTER TABLE `donnees` ENABLE KEYS */;
UNLOCK TABLES;

--
-- Table structure for table `equipement`
--

DROP TABLE IF EXISTS `equipement`;
/*!40101 SET @saved_cs_client     = @@character_set_client */;
/*!40101 SET character_set_client = utf8 */;
CREATE TABLE `equipement` (
  `id_equipement` int(11) unsigned NOT NULL AUTO_INCREMENT,
  `type` enum('Switch','Bandeau','Quadrupleur','PreQuadrupleur','DSLAM','Routeur','Serveur','InterBaie','Divers','OLT','Splitter','Console') DEFAULT NULL,
  `description` varchar(200) DEFAULT NULL,
  `id_baie` int(11) NOT NULL,
  `premier_port` int(5) NOT NULL DEFAULT 1,
  `dernier_port` int(5) NOT NULL DEFAULT 0,
  `Emplacement` int(10) unsigned DEFAULT NULL,
  `nb_port_par_ligne` int(11) DEFAULT NULL,
  PRIMARY KEY (`id_equipement`)
) ENGINE=InnoDB AUTO_INCREMENT=185 DEFAULT CHARSET=latin1;
/*!40101 SET character_set_client = @saved_cs_client */;

--
-- Dumping data for table `equipement`
--

LOCK TABLES `equipement` WRITE;
/*!40000 ALTER TABLE `equipement` DISABLE KEYS */;
INSERT INTO `equipement` VALUES (1,'Bandeau','Bandeau',1,1,106,NULL,24),(2,'Switch','Switch A',1,1,24,NULL,12),(3,'Switch','Switch B',1,1,24,NULL,12),(4,'Switch','Switch C',1,1,24,NULL,12),(5,'InterBaie','SW1 - RJ45',1,1,48,NULL,24),(6,'Bandeau','Bandeau',2,107,212,NULL,24),(7,'Switch','Switch A',2,1,24,NULL,12),(8,'Switch','Switch B',2,1,24,NULL,12),(9,'Switch','Switch C',2,1,24,NULL,12),(10,'InterBaie','SW2 - RJ45',2,1,48,NULL,24),(11,'InterBaie','SW3 - LAB',3,1,114,NULL,24),(12,'InterBaie','SW3 - RJ45',3,1,48,NULL,24),(13,'Switch','Switch A',3,1,24,NULL,12),(14,'Switch','Switch B',3,1,24,NULL,12),(15,'Switch','Switch C',3,1,24,NULL,12),(16,'InterBaie','SW3 - SRV1',3,1,48,NULL,24),(17,'Bandeau','DSL Prod',4,1,20,NULL,20),(18,'DSLAM','Huawei 5300 SHDSL ESHA',4,1,25,NULL,25),(19,'DSLAM','Huawei 5300 ADSL EBDL',4,1,25,NULL,25),(20,'DSLAM','Huawei 5300 SHDA',4,1,60,NULL,30),(21,'DSLAM','Huawei 5600 SHLB SHLM',4,0,24,NULL,25),(22,'DSLAM','Huawei 5600 ADSL ADLF',4,0,24,NULL,25),(23,'DSLAM','Huawei 5600 VDSL VDPM',4,0,49,NULL,25),(24,'DSLAM','SHLB',4,1,25,NULL,25),(25,'DSLAM','Alcatel ISAM LT3 ADSL NALT-C',4,1,56,NULL,28),(26,'DSLAM','Alcatel ISAM LT1 NSLT-A',4,1,25,NULL,25),(27,'DSLAM','Alcatel ISAM LT4 ADSL NALT-J',4,1,56,NULL,28),(28,'DSLAM','Alcatel ISAM LT5 VDSL NVLT-N',4,1,50,NULL,25),(29,'Serveur','PFSENSE',5,1,9,NULL,9),(30,'Serveur','PFSENSE Physique',5,1,4,NULL,4),(31,'Serveur','UVM',5,1,10,NULL,10),(32,'Serveur','PGSQL',5,1,3,NULL,3),(33,'Serveur','HUVM',5,1,5,NULL,5),(34,'Serveur','DEVSERVEUR3',5,1,3,NULL,3),(35,'Bandeau','Rocade LTE R+1',5,1,6,NULL,6),(36,'InterBaie','SRV1 - SRV2',5,1,48,NULL,24),(37,'Serveur','UBUNTU PERF',8,1,9,NULL,9),(38,'Serveur','BAMBOO',8,1,5,NULL,5),(39,'Serveur','NAS SERVER 1',8,1,2,NULL,2),(40,'Serveur','NAS SERVER 2',8,1,2,NULL,2),(41,'OLT','MRS1',9,1,26,NULL,24),(42,'Routeur','CISCO 9300',9,1,54,NULL,24),(43,'Serveur','DCN',9,1,48,NULL,24),(44,'Switch','Stack SW1',10,1,52,NULL,24),(45,'Switch','Stack SW2',10,1,52,NULL,24),(46,'Serveur','LNS',10,1,10,NULL,10),(47,'OLT','OLT1T3 C1',10,1,2,NULL,2),(48,'OLT','OLT1T3 TU40G',10,1,4,NULL,4),(49,'OLT','OLT1T3 TT045XG',10,1,4,NULL,4),(50,'Routeur','CISCO 7603',10,1,24,NULL,24),(51,'Serveur','BAS',10,1,8,NULL,8),(52,'OLT','OLT2T2 C1',10,1,10,NULL,10),(54,'DSLAM','HW 5300 ESME',11,1,9,NULL,9),(55,'DSLAM','HW 5300 ISUE',11,1,8,NULL,8),(56,'DSLAM','HW 5600 1',11,1,6,NULL,6),(57,'DSLAM','HW 5600 2',11,1,7,NULL,7),(58,'DSLAM','HW 5600 3',11,1,3,NULL,3),(59,'DSLAM','ALCATEL ISAM 1',11,1,5,NULL,5),(60,'DSLAM','ALCATEL ISAM 2',11,1,5,NULL,5),(64,'InterBaie','ESPACE LAB R+1 - TIROIR 1',12,1,48,NULL,24),(65,'InterBaie','ESPACE LAB R+1 - TIROIR 2',12,1,48,NULL,24),(66,'Bandeau','PROD FO',12,1,33,NULL,11),(67,'Bandeau','PBO 1 - ESPACE RESEAU R+1',12,1,24,NULL,12),(68,'Bandeau','PBO 2 - ESPACE RESEAU R+1',12,13,36,NULL,12),(69,'Bandeau','PBO 3 - ESPACE RESEAU R+1',12,1,24,NULL,12),(70,'Bandeau','PBO 4 - ESPACE RESEAU R+1',12,13,36,NULL,12),(71,'Bandeau','PBO 5 - ESPACE RESEAU R+1',12,1,24,NULL,12),(72,'Console','LAB',12,0,32,NULL,24),(73,'Splitter','GPON 4.8',12,0,8,NULL,9),(74,'Bandeau','FO LAB 1',13,1,48,NULL,24),(75,'Bandeau','FO LAB 2',13,1,48,NULL,24),(76,'InterBaie','LAB - SRV LAB',13,1,24,NULL,24),(77,'Bandeau','RJ45 LAB',13,1,90,NULL,24),(78,'Bandeau','RJ45 RDC Expert',13,1,4,NULL,4),(79,'Serveur','SRV-APPLI',13,1,5,NULL,5),(80,'Serveur','SRV-GP1',13,1,5,NULL,5),(81,'Serveur','SRV-GP2',13,1,5,NULL,5),(82,'Serveur','GW34-OMC',13,1,5,NULL,5),(83,'Switch','SW LAN A (LAN testing)',14,1,24,NULL,24),(84,'Switch','SW LAN B (DATA testing)',14,1,24,NULL,24),(85,'Switch','SW LAN C (Mngmt stable)',14,1,24,NULL,24),(86,'Switch','SW LAN D (Mngmt testing)',14,1,24,NULL,24),(87,'Switch','SW LAN E',14,1,24,NULL,24),(88,'Switch','SW LAN F',14,1,24,NULL,24),(89,'Switch','SW WAN',14,1,28,NULL,24),(90,'Serveur','HW 3300',14,1,31,NULL,24),(91,'Serveur','HW 5300',14,1,30,NULL,24),(93,'Serveur','80c',14,1,31,NULL,24),(94,'Serveur','uCPE',14,0,11,NULL,12),(95,'Serveur','GW35-OMC',3,1,5,NULL,2),(96,'Divers','ONT PROD-1',7,0,0,NULL,1),(97,'Quadrupleur','1',6,1,4,NULL,4),(98,'PreQuadrupleur','1',6,0,0,NULL,1),(99,'Quadrupleur','2',6,1,4,NULL,4),(100,'PreQuadrupleur','2',6,0,0,NULL,1),(101,'Quadrupleur','3',6,1,4,NULL,4),(102,'PreQuadrupleur','3',6,0,0,NULL,1),(103,'Quadrupleur','4',6,1,4,NULL,4),(104,'PreQuadrupleur','4',6,0,0,NULL,1),(105,'Quadrupleur','5',6,1,4,NULL,4),(106,'PreQuadrupleur','5',6,0,0,NULL,1),(107,'Quadrupleur','6',6,1,4,NULL,4),(108,'PreQuadrupleur','6',6,0,0,NULL,1),(109,'Quadrupleur','7',6,1,4,NULL,4),(110,'PreQuadrupleur','7',6,0,0,NULL,1),(111,'Quadrupleur','8',6,1,4,NULL,4),(112,'PreQuadrupleur','8',6,0,0,NULL,1),(113,'Quadrupleur','9',6,1,4,NULL,4),(114,'PreQuadrupleur','9',6,0,0,NULL,1),(115,'Quadrupleur','10',6,1,4,NULL,4),(116,'PreQuadrupleur','10',6,0,0,NULL,1),(117,'Quadrupleur','11',6,1,4,NULL,4),(118,'PreQuadrupleur','11',6,0,0,NULL,1),(119,'Divers','ONT PROD-1',7,0,0,NULL,1),(120,'Divers','ONT PROD-1',15,0,0,NULL,1),(121,'Divers','ONT PROD-2',15,0,0,NULL,1),(122,'Divers','VELIZY-1',15,0,0,NULL,1),(123,'Divers','Box 11-1',15,0,0,NULL,1),(124,'Divers','Box 12-2',15,0,0,NULL,1),(125,'Divers','Box 13-3',15,0,0,NULL,1),(126,'Divers','Box 14-4',15,0,0,NULL,1),(127,'Divers','Box 15-5',15,0,0,NULL,1),(128,'Divers','Box 16-6',15,0,0,NULL,1),(129,'Divers','Box 17-7',15,0,0,NULL,1),(130,'Divers','Box 18-8',15,0,0,NULL,1),(131,'Divers','Box 19-9',15,0,0,NULL,1),(132,'Divers','Box 20-10',15,0,0,NULL,1),(133,'Divers','Box 112-11',15,0,0,NULL,1),(134,'Divers','Box 113-12',15,0,0,NULL,1),(135,'Divers','Box 114-13',15,0,0,NULL,1),(136,'Divers','Box 115-14',15,0,0,NULL,1),(137,'Divers','Box 116-15',15,0,0,NULL,1),(138,'Divers','Box 117-16',15,0,0,NULL,1),(139,'Divers','Box 118-17',15,0,0,NULL,1),(140,'Divers','Box 119-18',15,0,0,NULL,1),(141,'Divers','Box 120-19',15,0,0,NULL,1),(142,'Divers','Box 121-20',15,0,0,NULL,1),(143,'Divers','Box 122-21',15,0,0,NULL,1),(144,'Divers','Box VALID-22',15,0,0,NULL,1),(145,'Divers','Box 12-23',15,0,0,NULL,1),(146,'Divers','Box 13-24',15,0,0,NULL,1),(147,'Divers','Box 14-25',15,0,0,NULL,1),(148,'Divers','Box 15-26',15,0,0,NULL,1),(149,'Divers','Box 16-27',15,0,0,NULL,1),(150,'Divers','Box 17-28',15,0,0,NULL,1),(151,'Divers','Box 18-29',15,0,0,NULL,1),(152,'Divers','Box 19-30',15,0,0,NULL,1),(153,'Divers','Box 20-31',15,0,0,NULL,1),(154,'Divers','Raspberry ENT-32',15,0,0,NULL,1),(155,'Divers','Box 112-33',15,0,0,NULL,1),(156,'Divers','Box 113-34',15,0,0,NULL,1),(157,'Divers','Box 114-35',15,0,0,NULL,1),(158,'Divers','Box 115-36',15,0,0,NULL,1),(159,'Divers','Box 116-37',15,0,0,NULL,1),(160,'Divers','Box 117-38',15,0,0,NULL,1),(161,'Divers','Box 118-39',15,0,0,NULL,1),(162,'Divers','Box 119-40',15,0,0,NULL,1),(163,'Divers','Box 120-41',15,0,0,NULL,1),(164,'Divers','Box 121-42',15,0,0,NULL,1),(165,'Divers','Box 122-43',15,0,0,NULL,1),(166,'Divers','Box VALID-44',15,0,0,NULL,1),(167,'Divers','MF12 - ENT-45',15,0,0,NULL,1),(168,'Divers','MF11 - ENT-46',15,0,0,NULL,1),(169,'Divers','Box 3-47',15,0,0,NULL,1),(170,'Divers','Box 11-48',15,0,0,NULL,1),(171,'Divers','Box 12-49',15,0,0,NULL,1),(172,'Divers','Box 17-50',15,0,0,NULL,1),(173,'Divers','Box 18-51',15,0,0,NULL,1),(174,'Divers','Box 19-52',15,0,0,NULL,1),(175,'Divers','Box 20-53',15,0,0,NULL,1),(176,'Divers','Box 112-54',15,0,0,NULL,1),(177,'Divers','Box VALID-55',15,0,0,NULL,1),(178,'Divers','Box 3-79',15,0,0,NULL,1),(179,'Divers','SuperMicro-80',15,0,0,NULL,1),(180,'Divers','FI WaN DUT-81',15,0,0,NULL,1),(181,'Divers','FI LAN DUT-82',15,0,0,NULL,1),(182,'OLT','OLT1T3 TG16G',10,1,16,NULL,16),(183,'PreQuadrupleur','12',6,0,0,NULL,1),(184,'Quadrupleur','12',6,1,4,NULL,4);
/*!40000 ALTER TABLE `equipement` ENABLE KEYS */;
UNLOCK TABLES;
/*!50003 SET @saved_cs_client      = @@character_set_client */ ;
/*!50003 SET @saved_cs_results     = @@character_set_results */ ;
/*!50003 SET @saved_col_connection = @@collation_connection */ ;
/*!50003 SET character_set_client  = utf8mb4 */ ;
/*!50003 SET character_set_results = utf8mb4 */ ;
/*!50003 SET collation_connection  = utf8mb4_general_ci */ ;
/*!50003 SET @saved_sql_mode       = @@sql_mode */ ;
/*!50003 SET sql_mode              = 'IGNORE_SPACE,STRICT_TRANS_TABLES,ERROR_FOR_DIVISION_BY_ZERO,NO_AUTO_CREATE_USER,NO_ENGINE_SUBSTITUTION' */ ;
DELIMITER ;;
/*!50003 CREATE*/ /*!50017 DEFINER=`jlp`@`%`*/ /*!50003 TRIGGER `TG_AI_Equipement_port` AFTER INSERT ON `equipement` FOR EACH ROW begin
	declare p1 integer ;
	declare nb_ligne integer ;

	select NEW.premier_port into p1 ;

	label1: LOOP
		select count(*) into nb_ligne from port where id_equipement = NEW.id_equipement and numero_port = p1 ;
		if nb_ligne = 0 then
			insert into port (numero_port,libelle,id_equipement,type_acces) values (p1,p1,NEW.id_equipement,'RJ45') ;
		end if ;
		set p1 = p1 + 1 ;
		if p1 > NEW.dernier_port then
			leave label1 ;
		end if ;
	end loop label1;

end */;;
DELIMITER ;
/*!50003 SET sql_mode              = @saved_sql_mode */ ;
/*!50003 SET character_set_client  = @saved_cs_client */ ;
/*!50003 SET character_set_results = @saved_cs_results */ ;
/*!50003 SET collation_connection  = @saved_col_connection */ ;
/*!50003 SET @saved_cs_client      = @@character_set_client */ ;
/*!50003 SET @saved_cs_results     = @@character_set_results */ ;
/*!50003 SET @saved_col_connection = @@collation_connection */ ;
/*!50003 SET character_set_client  = utf8mb4 */ ;
/*!50003 SET character_set_results = utf8mb4 */ ;
/*!50003 SET collation_connection  = utf8mb4_general_ci */ ;
/*!50003 SET @saved_sql_mode       = @@sql_mode */ ;
/*!50003 SET sql_mode              = 'IGNORE_SPACE,STRICT_TRANS_TABLES,ERROR_FOR_DIVISION_BY_ZERO,NO_AUTO_CREATE_USER,NO_ENGINE_SUBSTITUTION' */ ;
DELIMITER ;;
/*!50003 CREATE*/ /*!50017 DEFINER=`jlp`@`%`*/ /*!50003 TRIGGER TG_AU_Equipement_port AFTER UPDATE ON `equipement` FOR EACH ROW begin
	declare p1 integer ;
	declare nb_ligne integer ;

	select NEW.premier_port into p1 ;

	label1: LOOP
		select count(*) into nb_ligne from port where id_equipement = NEW.id_equipement and numero_port = p1 ;
		if nb_ligne = 0 then
			insert into port (numero_port,libelle, id_equipement,type_acces) values (p1,p1, NEW.id_equipement,'RJ45') ;
		end if ;
		set p1 = p1 + 1 ;
		if p1 > NEW.dernier_port then
			leave label1 ;
		end if ;
	end loop label1;

end */;;
DELIMITER ;
/*!50003 SET sql_mode              = @saved_sql_mode */ ;
/*!50003 SET character_set_client  = @saved_cs_client */ ;
/*!50003 SET character_set_results = @saved_cs_results */ ;
/*!50003 SET collation_connection  = @saved_col_connection */ ;

--
-- Table structure for table `link`
--

DROP TABLE IF EXISTS `link`;
/*!40101 SET @saved_cs_client     = @@character_set_client */;
/*!40101 SET character_set_client = utf8 */;
CREATE TABLE `link` (
  `id_link` int(11) unsigned NOT NULL AUTO_INCREMENT,
  `id_port1` int(11) NOT NULL,
  `id_port2` int(11) NOT NULL,
  `id_unik` varchar(10) NOT NULL DEFAULT '',
  `ip_update` varchar(100) DEFAULT NULL,
  PRIMARY KEY (`id_link`),
  UNIQUE KEY `uk_link_id_link` (`id_unik`),
  KEY `idx_link_port1` (`id_port1`) USING BTREE,
  KEY `idx_link_port2` (`id_port2`) USING BTREE
) ENGINE=InnoDB AUTO_INCREMENT=899 DEFAULT CHARSET=latin1;
/*!40101 SET character_set_client = @saved_cs_client */;

--
-- Dumping data for table `link`
--

LOCK TABLES `link` WRITE;
/*!40000 ALTER TABLE `link` DISABLE KEYS */;
INSERT INTO `link` VALUES (1,2791,2795,'2791-2795',NULL),(2,2792,2795,'2792-2795',NULL),(3,2793,2795,'2793-2795',NULL),(4,2794,2795,'2794-2795',NULL),(5,2796,2800,'2796-2800',NULL),(6,2797,2800,'2797-2800',NULL),(7,2798,2800,'2798-2800',NULL),(8,2799,2800,'2799-2800',NULL),(9,2801,2805,'2801-2805',NULL),(10,2802,2805,'2802-2805',NULL),(11,2803,2805,'2803-2805',NULL),(12,2804,2805,'2804-2805',NULL),(13,2806,2810,'2806-2810',NULL),(14,2807,2810,'2807-2810',NULL),(15,2808,2810,'2808-2810',NULL),(16,2809,2810,'2809-2810',NULL),(17,2811,2815,'2811-2815',NULL),(18,2812,2815,'2812-2815',NULL),(19,2813,2815,'2813-2815',NULL),(20,2814,2815,'2814-2815',NULL),(21,2816,2820,'2816-2820',NULL),(22,2817,2820,'2817-2820',NULL),(23,2818,2820,'2818-2820',NULL),(24,2819,2820,'2819-2820',NULL),(25,2821,2825,'2821-2825',NULL),(26,2822,2825,'2822-2825',NULL),(27,2823,2825,'2823-2825',NULL),(28,2824,2825,'2824-2825',NULL),(29,2826,2830,'2826-2830',NULL),(30,2827,2830,'2827-2830',NULL),(31,2828,2830,'2828-2830',NULL),(32,2829,2830,'2829-2830',NULL),(33,2831,2835,'2831-2835',NULL),(34,2832,2835,'2832-2835',NULL),(35,2833,2835,'2833-2835',NULL),(36,2834,2835,'2834-2835',NULL),(37,2836,2840,'2836-2840',NULL),(38,2837,2840,'2837-2840',NULL),(39,2838,2840,'2838-2840',NULL),(40,2839,2840,'2839-2840',NULL),(41,2841,2845,'2841-2845',NULL),(42,2842,2845,'2842-2845',NULL),(43,2843,2845,'2843-2845',NULL),(44,2844,2845,'2844-2845',NULL),(45,1,144,'1-144',NULL),(46,5,108,'5-108',NULL),(47,9,109,'9-109',NULL),(48,10,155,'10-155',NULL),(49,13,110,'13-110',NULL),(50,17,153,'17-153',NULL),(51,18,222,'18-222',NULL),(52,20,215,'20-215',NULL),(53,21,154,'21-154',NULL),(54,22,141,'22-141',NULL),(55,23,182,'23-182',NULL),(56,25,111,'25-111',NULL),(57,26,218,'26-218',NULL),(58,29,112,'29-112',NULL),(59,33,113,'33-113',NULL),(60,34,203,'34-203',NULL),(61,35,206,'35-206',NULL),(62,37,114,'37-114',NULL),(63,38,214,'38-214',NULL),(64,39,211,'39-211',NULL),(65,41,151,'41-151',NULL),(66,45,152,'45-152',NULL),(67,49,115,'49-115',NULL),(68,53,116,'53-116',NULL),(69,57,117,'57-117',NULL),(70,61,118,'61-118',NULL),(71,62,219,'62-219',NULL),(72,65,149,'65-149',NULL),(73,68,221,'68-221',NULL),(74,69,150,'69-150',NULL),(75,73,119,'73-119',NULL),(76,77,120,'77-120',NULL),(77,81,121,'81-121',NULL),(78,82,204,'82-204',NULL),(79,83,209,'83-209',NULL),(80,85,122,'85-122',NULL),(81,86,223,'86-223',NULL),(82,87,225,'87-225',NULL),(83,88,224,'88-224',NULL),(84,89,147,'89-147',NULL),(85,90,208,'90-208',NULL),(86,91,202,'91-202',NULL),(87,92,216,'92-216',NULL),(88,93,148,'93-148',NULL),(89,94,212,'94-212',NULL),(90,97,123,'97-123',NULL),(91,100,126,'100-126',NULL),(92,101,124,'101-124',NULL),(93,105,125,'105-125',NULL),(123,174,179,'174-179',NULL),(130,36,207,'36-207',NULL),(145,229,343,'229-343',NULL),(146,233,344,'233-344',NULL),(147,237,333,'237-333',NULL),(148,238,428,'238-428',NULL),(149,241,379,'241-379',NULL),(150,245,380,'245-380',NULL),(151,249,377,'249-377',NULL),(152,253,341,'253-341',NULL),(153,257,342,'257-342',NULL),(154,259,429,'259-429',NULL),(155,260,355,'260-355',NULL),(156,261,334,'261-334',NULL),(157,262,431,'262-431',NULL),(158,263,430,'263-430',NULL),(159,264,442,'264-442',NULL),(160,265,378,'265-378',NULL),(161,266,437,'266-437',NULL),(162,267,445,'267-445',NULL),(163,268,444,'268-444',NULL),(164,269,375,'269-375',NULL),(165,270,446,'270-446',NULL),(166,271,443,'271-443',NULL),(167,273,376,'273-376',NULL),(168,274,1536,'274-1536',NULL),(169,277,339,'277-339',NULL),(170,280,368,'280-368',NULL),(171,281,345,'281-345',NULL),(172,285,340,'285-340',NULL),(173,289,373,'289-373',NULL),(174,290,406,'290-406',NULL),(175,292,449,'292-449',NULL),(176,293,374,'293-374',NULL),(177,297,371,'297-371',NULL),(178,298,451,'298-451',NULL),(179,301,346,'301-346',NULL),(180,305,347,'305-347',NULL),(181,306,433,'306-433',NULL),(182,308,434,'308-434',NULL),(183,309,335,'309-335',NULL),(184,313,336,'313-336',NULL),(185,317,372,'317-372',NULL),(186,321,369,'321-369',NULL),(187,325,348,'325-348',NULL),(215,400,405,'400-405',NULL),(232,453,616,'453-616',NULL),(233,454,1683,'454-1683',NULL),(234,455,1636,'455-1636',NULL),(235,457,614,'457-614',NULL),(236,459,594,'459-594',NULL),(237,468,659,'468-659',NULL),(238,472,613,'472-613',NULL),(239,475,661,'475-661',NULL),(240,476,662,'476-662',NULL),(241,492,606,'492-606',NULL),(242,493,607,'493-607',NULL),(243,494,608,'494-608',NULL),(244,525,592,'525-592',NULL),(245,526,618,'526-618',NULL),(246,527,591,'527-591',NULL),(247,528,668,'528-668',NULL),(248,529,620,'529-620',NULL),(249,530,571,'530-571',NULL),(250,531,1538,'531-1538',NULL),(251,532,595,'532-595',NULL),(252,533,596,'533-596',NULL),(253,534,597,'534-597',NULL),(254,535,598,'535-598',NULL),(255,536,599,'536-599',NULL),(256,537,600,'537-600',NULL),(257,538,601,'538-601',NULL),(258,539,602,'539-602',NULL),(259,540,603,'540-603',NULL),(260,549,622,'549-622',NULL),(261,553,621,'553-621',NULL),(262,557,593,'557-593',NULL),(263,566,1626,'566-1626',NULL),(264,567,682,'567-682',NULL),(265,568,681,'568-681',NULL),(285,615,687,'615-687',NULL),(287,617,688,'617-688',NULL),(289,619,698,'619-698',NULL),(293,626,693,'626-693',NULL),(294,627,692,'627-692',NULL),(295,628,694,'628-694',NULL),(296,636,697,'636-697',NULL),(297,638,1584,'638-1584',NULL),(301,663,689,'663-689',NULL),(302,664,690,'664-690',NULL),(303,665,691,'665-691',NULL),(304,666,695,'666-695',NULL),(305,667,696,'667-696',NULL),(307,678,2785,'678-2785',NULL),(323,179,568,'179-568',NULL),(324,182,747,'182-747',NULL),(325,202,904,'202-904',NULL),(326,405,567,'405-567',NULL),(327,406,745,'406-745',NULL),(328,428,751,'428-751',NULL),(331,894,2791,'894-2791',NULL),(332,899,2792,'899-2792',NULL),(333,926,2793,'926-2793',NULL),(334,927,2794,'927-2794',NULL),(335,571,2795,'571-2795',NULL),(336,203,735,'203-735',NULL),(337,224,736,'224-736',NULL),(338,603,737,'603-737',NULL),(339,215,739,'215-739',NULL),(340,214,740,'214-740',NULL),(341,212,742,'212-742',NULL),(342,437,744,'437-744',NULL),(344,593,746,'593-746',NULL),(346,433,748,'433-748',NULL),(347,613,749,'613-749',NULL),(349,595,753,'595-753',NULL),(350,602,754,'602-754',NULL),(351,601,781,'601-781',NULL),(352,782,2841,'782-2841',NULL),(353,211,787,'211-787',NULL),(354,797,2814,'797-2814',NULL),(355,599,890,'599-890',NULL),(356,891,2797,'891-2797',NULL),(357,892,2837,'892-2837',NULL),(358,222,893,'222-893',NULL),(360,895,2801,'895-2801',NULL),(361,209,896,'209-896',NULL),(362,445,897,'445-897',NULL),(363,898,2796,'898-2796',NULL),(365,901,2816,'901-2816',NULL),(366,902,2842,'902-2842',NULL),(367,903,2806,'903-2806',NULL),(369,908,2813,'908-2813',NULL),(370,223,909,'223-909',NULL),(371,916,2798,'916-2798',NULL),(372,918,2799,'918-2799',NULL),(373,920,2803,'920-2803',NULL),(374,923,2836,'923-2836',NULL),(375,924,2812,'924-2812',NULL),(376,925,2832,'925-2832',NULL),(379,928,2807,'928-2807',NULL),(380,208,929,'208-929',NULL),(381,931,2817,'931-2817',NULL),(382,442,932,'442-932',NULL),(383,216,933,'216-933',NULL),(384,939,2843,'939-2843',NULL),(385,431,942,'431-942',NULL),(386,594,943,'594-943',NULL),(387,443,944,'443-944',NULL),(388,606,945,'606-945',NULL),(389,607,946,'607-946',NULL),(390,608,947,'608-947',NULL),(391,969,2821,'969-2821',NULL),(392,970,2822,'970-2822',NULL),(393,971,2823,'971-2823',NULL),(394,446,992,'446-992',NULL),(395,207,994,'207-994',NULL),(396,218,996,'218-996',NULL),(397,434,998,'434-998',NULL),(398,1000,2831,'1000-2831',NULL),(399,1001,2828,'1001-2828',NULL),(400,444,1003,'444-1003',NULL),(401,1020,2844,'1020-2844',NULL),(402,1050,2827,'1050-2827',NULL),(403,1127,2802,'1127-2802',NULL),(404,449,1130,'449-1130',NULL),(405,597,1131,'597-1131',NULL),(406,596,1135,'596-1135',NULL),(407,598,1136,'598-1136',NULL),(408,600,1144,'600-1144',NULL),(409,614,1145,'614-1145',NULL),(414,591,2800,'591-2800',NULL),(418,592,2805,'592-2805',NULL),(437,429,2810,'429-2810',NULL),(441,430,2815,'430-2815',NULL),(454,451,2820,'451-2820',NULL),(459,204,2825,'204-2825',NULL),(462,206,2830,'206-2830',NULL),(474,219,2835,'219-2835',NULL),(477,221,2840,'221-2840',NULL),(485,225,2845,'225-2845',NULL),(486,687,1356,'687-1356',NULL),(487,688,1357,'688-1357',NULL),(488,698,1358,'698-1358',NULL),(489,693,1370,'693-1370',NULL),(490,692,1371,'692-1371',NULL),(491,694,1375,'694-1375',NULL),(492,695,1380,'695-1380',NULL),(493,1367,1390,'1367-1390',NULL),(494,697,1391,'697-1391',NULL),(495,690,1412,'690-1412',NULL),(496,689,1413,'689-1413',NULL),(501,691,1359,'691-1359',NULL),(506,696,1383,'696-1383',NULL),(509,1443,1637,'1443-1637',NULL),(510,1391,1444,'1391-1444',NULL),(511,1446,2848,'1446-2848',NULL),(512,1390,1450,'1390-1450',NULL),(513,1413,1452,'1413-1452',NULL),(514,1412,1455,'1412-1455',NULL),(519,1479,1583,'1479-1583',NULL),(520,1480,1483,'1480-1483',NULL),(521,1482,1682,'1482-1682',NULL),(523,1484,1710,'1484-1710',NULL),(524,1530,1746,'1530-1746',NULL),(525,1534,2849,'1534-2849',NULL),(530,1587,1698,'1587-1698',NULL),(531,1588,1740,'1588-1740',NULL),(533,1631,1688,'1631-1688',NULL),(534,1632,1866,'1632-1866',NULL),(535,1633,1886,'1633-1886',NULL),(536,1634,1689,'1634-1689',NULL),(537,1635,1717,'1635-1717',NULL),(542,1684,1892,'1684-1892',NULL),(543,1685,1733,'1685-1733',NULL),(544,1686,1732,'1686-1732',NULL),(548,1700,1708,'1700-1708',NULL),(549,1705,1944,'1705-1944',NULL),(560,1932,2028,'1932-2028',NULL),(561,1934,2046,'1934-2046',NULL),(563,1940,2179,'1940-2179',NULL),(564,1942,2169,'1942-2169',NULL),(566,1970,2165,'1970-2165',NULL),(567,1972,2166,'1972-2166',NULL),(569,1935,2047,'1935-2047',NULL),(570,1941,2180,'1941-2180',NULL),(571,1971,2168,'1971-2168',NULL),(572,1973,2167,'1973-2167',NULL),(573,2024,2055,'2024-2055',NULL),(574,2027,2056,'2027-2056',NULL),(576,2031,2138,'2031-2138',NULL),(577,2032,2128,'2032-2128',NULL),(578,2033,2129,'2033-2129',NULL),(579,2034,2076,'2034-2076',NULL),(580,2035,2078,'2035-2078',NULL),(581,2036,2768,'2036-2768',NULL),(582,2038,2160,'2038-2160',NULL),(583,2039,2117,'2039-2117',NULL),(584,2042,2075,'2042-2075',NULL),(585,2043,2115,'2043-2115',NULL),(586,2044,2132,'2044-2132',NULL),(587,2045,2133,'2045-2133',NULL),(590,2052,2114,'2052-2114',NULL),(591,2053,2094,'2053-2094',NULL),(594,2058,2772,'2058-2772',NULL),(595,2059,2773,'2059-2773',NULL),(599,2085,2186,'2085-2186',NULL),(600,2087,2187,'2087-2187',NULL),(601,2089,2189,'2089-2189',NULL),(602,2091,2190,'2091-2190',NULL),(605,2086,2178,'2086-2178',NULL),(606,2088,2170,'2088-2170',NULL),(609,2099,2175,'2099-2175',NULL),(610,2101,2174,'2101-2174',NULL),(611,2103,2173,'2103-2173',NULL),(612,2105,2172,'2105-2172',NULL),(613,2107,2171,'2107-2171',NULL),(614,2109,2183,'2109-2183',NULL),(615,2111,2184,'2111-2184',NULL),(616,2113,2185,'2113-2185',NULL),(620,2126,2177,'2126-2177',NULL),(622,2130,2181,'2130-2181',NULL),(625,2131,2182,'2131-2182',NULL),(653,1932,2275,'1932-2275',NULL),(654,1934,2227,'1934-2227',NULL),(655,1936,2238,'1936-2238',NULL),(656,1940,2236,'1940-2236',NULL),(657,1942,2243,'1942-2243',NULL),(658,1944,2232,'1944-2232',NULL),(659,1970,2253,'1970-2253',NULL),(660,1972,2255,'1972-2255',NULL),(661,1933,2274,'1933-2274',NULL),(662,1935,2244,'1935-2244',NULL),(663,1941,2237,'1941-2237',NULL),(664,1971,2252,'1971-2252',NULL),(665,1973,2254,'1973-2254',NULL),(666,2024,2296,'2024-2296',NULL),(667,2027,2294,'2027-2294',NULL),(683,454,2300,'454-2300',NULL),(684,2301,2418,'2301-2418',NULL),(685,2302,2421,'2302-2421',NULL),(686,455,2303,'455-2303',NULL),(687,2304,2422,'2304-2422',NULL),(688,2306,2374,'2306-2374',NULL),(689,2307,2375,'2307-2375',NULL),(690,2308,2376,'2308-2376',NULL),(691,2309,2377,'2309-2377',NULL),(692,453,2409,'453-2409',NULL),(695,457,2350,'457-2350',NULL),(696,459,2407,'459-2407',NULL),(697,468,2339,'468-2339',NULL),(698,472,2417,'472-2417',NULL),(699,475,2432,'475-2432',NULL),(700,476,2434,'476-2434',NULL),(701,492,2379,'492-2379',NULL),(702,493,2380,'493-2380',NULL),(703,494,2381,'494-2381',NULL),(704,525,2378,'525-2378',NULL),(705,526,2349,'526-2349',NULL),(706,527,2398,'527-2398',NULL),(707,528,2340,'528-2340',NULL),(708,529,2348,'529-2348',NULL),(709,530,2397,'530-2397',NULL),(710,531,2368,'531-2368',NULL),(711,532,2399,'532-2399',NULL),(712,533,2400,'533-2400',NULL),(713,534,2401,'534-2401',NULL),(714,535,2402,'535-2402',NULL),(715,536,2384,'536-2384',NULL),(716,537,2385,'537-2385',NULL),(717,538,2386,'538-2386',NULL),(718,539,2387,'539-2387',NULL),(719,540,2388,'540-2388',NULL),(720,549,2426,'549-2426',NULL),(721,553,2324,'553-2324',NULL),(722,557,2327,'557-2327',NULL),(723,566,2408,'566-2408',NULL),(751,2403,2435,'2403-2435',NULL),(763,2300,2534,'2300-2534',NULL),(764,2301,2552,'2301-2552',NULL),(765,2302,2553,'2302-2553',NULL),(766,2303,2638,'2303-2638',NULL),(767,2304,2664,'2304-2664',NULL),(768,2306,2548,'2306-2548',NULL),(769,2307,2650,'2307-2650',NULL),(770,2308,2652,'2308-2652',NULL),(771,2309,2642,'2309-2642',NULL),(772,2440,2850,'2440-2850',NULL),(773,2441,2851,'2441-2851',NULL),(774,2442,2852,'2442-2852',NULL),(775,2443,2853,'2443-2853',NULL),(776,2444,2854,'2444-2854',NULL),(777,2445,2855,'2445-2855',NULL),(778,2446,2856,'2446-2856',NULL),(779,2447,2857,'2447-2857',NULL),(780,2448,2858,'2448-2858',NULL),(781,2449,2859,'2449-2859',NULL),(782,2463,2737,'2463-2737',NULL),(783,2464,2754,'2464-2754',NULL),(784,2465,2860,'2465-2860',NULL),(785,2466,2861,'2466-2861',NULL),(786,2467,2862,'2467-2862',NULL),(787,2468,2863,'2468-2863',NULL),(788,2469,2864,'2469-2864',NULL),(789,2470,2865,'2470-2865',NULL),(790,2471,2866,'2471-2866',NULL),(791,2472,2867,'2472-2867',NULL),(792,2473,2868,'2473-2868',NULL),(793,2474,2869,'2474-2869',NULL),(794,2475,2870,'2475-2870',NULL),(795,2476,2784,'2476-2784',NULL),(796,2481,2871,'2481-2871',NULL),(797,2489,2872,'2489-2872',NULL),(798,2490,2873,'2490-2873',NULL),(799,2491,2874,'2491-2874',NULL),(800,2492,2875,'2492-2875',NULL),(801,2493,2876,'2493-2876',NULL),(802,2494,2877,'2494-2877',NULL),(803,2495,2878,'2495-2878',NULL),(804,2496,2879,'2496-2879',NULL),(805,2497,2880,'2497-2880',NULL),(806,2511,2881,'2511-2881',NULL),(807,2512,2755,'2512-2755',NULL),(808,2513,2882,'2513-2882',NULL),(809,2514,2883,'2514-2883',NULL),(810,2515,2884,'2515-2884',NULL),(811,2516,2885,'2516-2885',NULL),(812,2517,2886,'2517-2886',NULL),(813,2518,2887,'2518-2887',NULL),(814,2519,2888,'2519-2888',NULL),(815,2520,2889,'2520-2889',NULL),(816,2521,2890,'2521-2890',NULL),(817,2522,2891,'2522-2891',NULL),(818,2523,2892,'2523-2892',NULL),(819,2529,2893,'2529-2893',NULL),(821,2539,2894,'2539-2894',NULL),(822,2540,2895,'2540-2895',NULL),(823,2544,2896,'2544-2896',NULL),(825,2550,2732,'2550-2732',NULL),(826,2551,2734,'2551-2734',NULL),(829,2558,2724,'2558-2724',NULL),(830,2560,2722,'2560-2722',NULL),(831,2577,2660,'2577-2660',NULL),(832,2582,2897,'2582-2897',NULL),(833,2583,2898,'2583-2898',NULL),(834,2584,2899,'2584-2899',NULL),(835,2585,2900,'2585-2900',NULL),(836,2586,2901,'2586-2901',NULL),(837,2587,2902,'2587-2902',NULL),(838,2590,2753,'2590-2753',NULL),(839,2591,2903,'2591-2903',NULL),(840,2597,2904,'2597-2904',NULL),(841,2598,2736,'2598-2736',NULL),(842,2599,2738,'2599-2738',NULL),(843,2605,2639,'2605-2639',NULL),(848,2651,2723,'2651-2723',NULL),(856,2733,2905,'2733-2905',NULL),(861,2739,2906,'2739-2906',NULL),(862,2747,2907,'2747-2907',NULL),(863,2748,2908,'2748-2908',NULL),(864,2751,2752,'2751-2752',NULL),(870,1936,2163,'1936-2163','192.168.100.10'),(871,1933,2164,'1933-2164','192.168.100.10'),(872,2162,2909,'2162-2909','192.168.100.10'),(885,2925,2926,'2925-2926',NULL),(886,2925,2927,'2925-2927',NULL),(887,2925,2928,'2925-2928',NULL),(888,2925,2929,'2925-2929',NULL);
/*!40000 ALTER TABLE `link` ENABLE KEYS */;
UNLOCK TABLES;
/*!50003 SET @saved_cs_client      = @@character_set_client */ ;
/*!50003 SET @saved_cs_results     = @@character_set_results */ ;
/*!50003 SET @saved_col_connection = @@collation_connection */ ;
/*!50003 SET character_set_client  = utf8mb4 */ ;
/*!50003 SET character_set_results = utf8mb4 */ ;
/*!50003 SET collation_connection  = utf8mb4_general_ci */ ;
/*!50003 SET @saved_sql_mode       = @@sql_mode */ ;
/*!50003 SET sql_mode              = 'IGNORE_SPACE,STRICT_TRANS_TABLES,ERROR_FOR_DIVISION_BY_ZERO,NO_AUTO_CREATE_USER,NO_ENGINE_SUBSTITUTION' */ ;
DELIMITER ;;
/*!50003 CREATE*/ /*!50017 DEFINER=`jlp`@`%`*/ /*!50003 TRIGGER TG_BI_link BEFORE INSERT ON `link` FOR EACH ROW begin
	declare plus_petit integer ;
	DECLARE errorMessage VARCHAR(255);

	if (NEW.id_port1 = NEW.id_port2) then
		set errorMessage = concat('Pas possible de créer une boucle ',NEW.id_port1,' - ', NEW.id_port2)  ;
		SIGNAL SQLSTATE '45000'
	            SET MESSAGE_TEXT = errorMessage;
	end if ;	

	select least(NEW.id_port1, NEW.id_port2) into plus_petit ;
	set NEW.id_port2 = greatest(NEW.id_port1, NEW.id_port2) ;
	set NEW.id_port1 = plus_petit ;

	set NEW.id_unik = concat(NEW.id_port1, "-" ,NEW.id_port2) ;
end */;;
DELIMITER ;
/*!50003 SET sql_mode              = @saved_sql_mode */ ;
/*!50003 SET character_set_client  = @saved_cs_client */ ;
/*!50003 SET character_set_results = @saved_cs_results */ ;
/*!50003 SET collation_connection  = @saved_col_connection */ ;

--
-- Temporary table structure for view `liste_erreurs`
--

DROP TABLE IF EXISTS `liste_erreurs`;
/*!50001 DROP VIEW IF EXISTS `liste_erreurs`*/;
SET @saved_cs_client     = @@character_set_client;
SET character_set_client = utf8;
/*!50001 CREATE TABLE `liste_erreurs` (
  `id_baie` tinyint NOT NULL,
  `nom_baie` tinyint NOT NULL,
  `type` tinyint NOT NULL,
  `id_equipement` tinyint NOT NULL,
  `description` tinyint NOT NULL,
  `id_port` tinyint NOT NULL,
  `numero_port` tinyint NOT NULL,
  `libelle` tinyint NOT NULL,
  `nb_link` tinyint NOT NULL
) ENGINE=MyISAM */;
SET character_set_client = @saved_cs_client;

--
-- Temporary table structure for view `liste_ports_erreur`
--

DROP TABLE IF EXISTS `liste_ports_erreur`;
/*!50001 DROP VIEW IF EXISTS `liste_ports_erreur`*/;
SET @saved_cs_client     = @@character_set_client;
SET character_set_client = utf8;
/*!50001 CREATE TABLE `liste_ports_erreur` (
  `id_port` tinyint NOT NULL
) ENGINE=MyISAM */;
SET character_set_client = @saved_cs_client;

--
-- Table structure for table `meta`
--

DROP TABLE IF EXISTS `meta`;
/*!40101 SET @saved_cs_client     = @@character_set_client */;
/*!40101 SET character_set_client = utf8 */;
CREATE TABLE `meta` (
  `id_meta` int(11) NOT NULL,
  `libelle_meta` varchar(100) NOT NULL,
  PRIMARY KEY (`id_meta`)
) ENGINE=InnoDB DEFAULT CHARSET=utf8mb4;
/*!40101 SET character_set_client = @saved_cs_client */;

--
-- Dumping data for table `meta`
--

LOCK TABLES `meta` WRITE;
/*!40000 ALTER TABLE `meta` DISABLE KEYS */;
INSERT INTO `meta` VALUES (1,'Commentaire'),(100,'Informations'),(200,'IP'),(300,'NDI'),(400,'Rôle'),(500,'SLID'),(600,'Type');
/*!40000 ALTER TABLE `meta` ENABLE KEYS */;
UNLOCK TABLES;

--
-- Table structure for table `modele`
--

DROP TABLE IF EXISTS `modele`;
/*!40101 SET @saved_cs_client     = @@character_set_client */;
/*!40101 SET character_set_client = utf8 */;
CREATE TABLE `modele` (
  `id_modele` int(11) NOT NULL AUTO_INCREMENT,
  `largeur` int(11) DEFAULT NULL,
  `hauteur` int(11) DEFAULT NULL,
  `nom` varchar(100) DEFAULT NULL,
  PRIMARY KEY (`id_modele`)
) ENGINE=InnoDB AUTO_INCREMENT=10 DEFAULT CHARSET=utf8mb4;
/*!40101 SET character_set_client = @saved_cs_client */;

--
-- Dumping data for table `modele`
--

LOCK TABLES `modele` WRITE;
/*!40000 ALTER TABLE `modele` DISABLE KEYS */;
INSERT INTO `modele` VALUES (1,175,55,'OpenSpace Horizontale'),(2,55,175,'OpenSpace Verticale'),(3,110,155,'Table Salle Réunion'),(4,100,48,'Lab Horizontale'),(5,48,100,'Lab Verticale'),(6,100,55,'CDC Horizontale'),(7,55,100,'CDC Verticale'),(8,75,75,'Baie carré'),(9,75,110,'Baie rectangle');
/*!40000 ALTER TABLE `modele` ENABLE KEYS */;
UNLOCK TABLES;

--
-- Table structure for table `objet`
--

DROP TABLE IF EXISTS `objet`;
/*!40101 SET @saved_cs_client     = @@character_set_client */;
/*!40101 SET character_set_client = utf8 */;
CREATE TABLE `objet` (
  `id_objet` int(11) NOT NULL AUTO_INCREMENT,
  `pos_x` int(11) DEFAULT NULL,
  `pos_y` int(11) DEFAULT NULL,
  `orientation` enum('Nord','Est','Sud','Ouest') NOT NULL,
  `id_modele` int(11) NOT NULL,
  `nom` varchar(100) DEFAULT NULL,
  `id_zone` int(11) NOT NULL,
  `id_user` int(11) DEFAULT NULL,
  `visible` tinyint(1) NOT NULL DEFAULT 1,
  PRIMARY KEY (`id_objet`)
) ENGINE=InnoDB AUTO_INCREMENT=182 DEFAULT CHARSET=utf8mb4;
/*!40101 SET character_set_client = @saved_cs_client */;

--
-- Dumping data for table `objet`
--

LOCK TABLES `objet` WRITE;
/*!40000 ALTER TABLE `objet` DISABLE KEYS */;
INSERT INTO `objet` VALUES (97,2305,78,'Est',7,'18',1,117,1),(98,2306,180,'Est',7,'19',1,NULL,1),(104,2249,181,'Ouest',7,'15',1,NULL,1),(105,2249,276,'Ouest',7,'16',1,NULL,1),(106,2250,376,'Ouest',7,'17',1,113,1),(109,119,980,'Nord',1,'JLP',1,77,1),(110,487,980,'Nord',1,'JML',1,81,1),(111,871,640,'Ouest',2,'0',1,89,1),(112,870,817,'Ouest',2,'2',1,85,1),(113,1127,640,'Ouest',2,'4',1,NULL,1),(114,1127,819,'Ouest',2,'6',1,NULL,1),(115,446,1185,'Ouest',2,'27',1,135,1),(116,447,1360,'Ouest',2,'28',1,69,1),(117,685,1184,'Ouest',2,'34',1,57,1),(118,689,1361,'Ouest',2,'36',1,53,1),(119,933,1184,'Ouest',2,'38',1,41,1),(120,933,1359,'Ouest',2,'39',1,37,1),(121,1175,1359,'Ouest',2,'43',1,33,1),(122,1172,1185,'Ouest',2,'42',1,NULL,1),(123,1412,1183,'Ouest',2,'46',1,21,1),(124,1416,1358,'Ouest',2,'48',1,17,1),(125,1654,1359,'Ouest',2,'50',1,5,1),(126,1900,1360,'Ouest',2,'52',1,1,1),(127,1420,378,'Ouest',2,'8',1,93,1),(128,1660,377,'Ouest',2,'10',1,101,1),(129,1899,378,'Ouest',2,'12',1,NULL,1),(130,504,1184,'Est',2,'29',1,61,1),(131,506,1361,'Est',2,'30',1,65,1),(132,746,1184,'Est',2,'35',1,136,1),(133,746,1359,'Est',2,'37',1,49,1),(134,990,1183,'Est',2,'40',1,138,1),(135,991,1359,'Est',2,'41',1,NULL,1),(136,1232,1359,'Est',2,'45',1,29,1),(137,1231,1183,'Est',2,'44',1,137,1),(138,1472,1185,'Est',2,'47',1,9,1),(139,1472,1359,'Est',2,'49',1,13,1),(140,1714,1360,'Est',2,'51',1,1,1),(141,926,639,'Est',2,'1',1,NULL,1),(142,929,818,'Est',2,'3',1,NULL,1),(143,1185,818,'Est',2,'7',1,NULL,1),(144,1183,640,'Est',2,'5',1,NULL,1),(145,1960,375,'Est',2,'13',1,109,1),(146,1719,378,'Est',2,'11',1,105,1),(147,1476,378,'Est',2,'9',1,97,1),(148,132,1275,'Sud',3,'E004',1,73,1),(149,2446,758,'Nord',3,'32',1,73,1),(150,2194,1367,'Nord',4,'61',1,149,1),(151,2296,1369,'Nord',4,'62',1,148,1),(152,2392,1369,'Nord',4,'63',1,147,1),(153,2493,1369,'Nord',4,'64',1,146,1),(154,2593,1369,'Nord',4,'65',1,145,1),(155,2195,1420,'Sud',4,'66',1,150,1),(156,2295,1418,'Sud',4,'67',1,151,1),(157,2393,1420,'Sud',4,'68',1,152,1),(158,2492,1419,'Sud',4,'69',1,153,1),(159,2593,1419,'Sud',4,'70',1,154,1),(160,2527,1148,'Sud',4,'55',1,139,1),(161,2628,1146,'Sud',4,'56',1,140,1),(162,2728,1146,'Sud',4,'57',1,141,1),(163,2862,1235,'Ouest',5,'58',1,142,1),(164,2863,1337,'Ouest',5,'59',1,143,1),(165,2861,1439,'Ouest',5,'60',1,144,1),(166,1964,1349,'Est',5,'53',1,156,1),(167,1964,1451,'Est',5,'54',1,155,1),(170,2305,275,'Est',7,'20',1,121,1),(171,2306,379,'Est',7,'21',1,NULL,1),(172,2625,79,'Est',7,'24',1,125,1),(173,2625,178,'Est',7,'25',1,NULL,1),(174,2249,79,'Ouest',7,'14',1,129,1),(178,2564,79,'Ouest',7,'22',1,NULL,1),(179,2567,178,'Ouest',7,'23',1,NULL,1),(180,2835,1146,'Nord',8,'Baie Lab',1,NULL,0),(181,2115,1367,'Nord',9,'Baie Srv Lab',1,NULL,0);
/*!40000 ALTER TABLE `objet` ENABLE KEYS */;
UNLOCK TABLES;

--
-- Table structure for table `port`
--

DROP TABLE IF EXISTS `port`;
/*!40101 SET @saved_cs_client     = @@character_set_client */;
/*!40101 SET character_set_client = utf8 */;
CREATE TABLE `port` (
  `id_port` int(11) unsigned NOT NULL AUTO_INCREMENT,
  `numero_port` int(5) NOT NULL,
  `libelle` varchar(50) NOT NULL,
  `id_equipement` int(11) NOT NULL,
  `id_user` int(11) DEFAULT NULL,
  `type_acces` enum('Câble','Fibre','RJ45') DEFAULT NULL,
  `ip_update` varchar(100) DEFAULT NULL,
  `up` tinyint(1) NOT NULL DEFAULT 1,
  `libelle_court` varchar(10) DEFAULT NULL,
  `ordre` int(11) DEFAULT NULL,
  `id_objet` int(11) DEFAULT NULL,
  PRIMARY KEY (`id_port`),
  KEY `port_FK` (`id_user`) USING BTREE
) ENGINE=InnoDB AUTO_INCREMENT=2930 DEFAULT CHARSET=latin1;
/*!40101 SET character_set_client = @saved_cs_client */;

--
-- Dumping data for table `port`
--

LOCK TABLES `port` WRITE;
/*!40000 ALTER TABLE `port` DISABLE KEYS */;
INSERT INTO `port` VALUES (1,1,'1',1,NULL,'RJ45',NULL,1,'1',1,NULL),(2,2,'2',1,NULL,'RJ45','127.0.0.1',1,'2',2,NULL),(3,3,'3',1,NULL,'RJ45',NULL,1,'3',3,NULL),(4,4,'4',1,NULL,'RJ45',NULL,1,'4',4,NULL),(5,5,'5',1,1,'RJ45',NULL,1,'5',5,140),(6,6,'6',1,1,'RJ45',NULL,1,'6',6,140),(7,7,'7',1,1,'RJ45',NULL,1,'7',7,140),(8,8,'8',1,1,'RJ45',NULL,1,'8',8,140),(9,9,'9',1,5,'RJ45',NULL,1,'9',9,125),(10,10,'10',1,5,'RJ45',NULL,1,'10',10,125),(11,11,'11',1,5,'RJ45',NULL,1,'11',11,125),(12,12,'12',1,5,'RJ45',NULL,1,'12',12,125),(13,13,'13',1,9,'RJ45',NULL,1,'13',13,138),(14,14,'14',1,9,'RJ45',NULL,1,'14',14,138),(15,15,'15',1,9,'RJ45',NULL,1,'15',15,138),(16,16,'16',1,9,'RJ45',NULL,1,'16',16,138),(17,17,'17',1,13,'RJ45',NULL,1,'17',17,139),(18,18,'18',1,13,'RJ45',NULL,1,'18',18,139),(19,19,'19',1,13,'RJ45',NULL,1,'19',19,139),(20,20,'20',1,13,'RJ45',NULL,1,'20',20,139),(21,21,'21',1,17,'RJ45',NULL,1,'21',21,124),(22,22,'22',1,17,'RJ45',NULL,1,'22',22,124),(23,23,'23',1,17,'RJ45',NULL,1,'23',23,124),(24,24,'24',1,17,'RJ45',NULL,1,'24',24,124),(25,25,'25',1,21,'RJ45',NULL,1,'25',25,123),(26,26,'26',1,21,'RJ45',NULL,1,'26',26,123),(27,27,'27',1,21,'RJ45',NULL,1,'27',27,123),(28,28,'28',1,21,'RJ45',NULL,1,'28',28,123),(29,29,'29',1,25,'RJ45',NULL,1,'29',29,NULL),(30,30,'30',1,25,'RJ45',NULL,1,'30',30,NULL),(31,31,'31',1,25,'RJ45',NULL,1,'31',31,NULL),(32,32,'32',1,25,'RJ45',NULL,1,'32',32,NULL),(33,33,'33',1,29,'RJ45',NULL,1,'33',33,136),(34,34,'34',1,29,'RJ45',NULL,1,'34',34,136),(35,35,'35',1,29,'RJ45',NULL,1,'35',35,136),(36,36,'36',1,29,'RJ45',NULL,1,'36',36,136),(37,37,'37',1,33,'RJ45',NULL,1,'37',37,121),(38,38,'38',1,33,'RJ45',NULL,1,'38',38,121),(39,39,'39',1,33,'RJ45',NULL,1,'39',39,121),(40,40,'40',1,33,'RJ45',NULL,1,'40',40,121),(41,41,'41',1,NULL,'RJ45',NULL,1,'41',41,NULL),(42,42,'42',1,NULL,'RJ45',NULL,1,'42',42,NULL),(43,43,'43',1,NULL,'RJ45',NULL,1,'43',43,NULL),(44,44,'44',1,NULL,'RJ45',NULL,1,'44',44,NULL),(45,45,'45',1,NULL,'RJ45',NULL,1,'45',45,NULL),(46,46,'46',1,NULL,'RJ45',NULL,1,'46',46,NULL),(47,47,'47',1,NULL,'RJ45',NULL,1,'47',47,NULL),(48,48,'48',1,NULL,'RJ45',NULL,1,'48',48,NULL),(49,49,'49',1,NULL,'RJ45',NULL,1,'49',49,NULL),(50,50,'50',1,NULL,'RJ45',NULL,1,'50',50,NULL),(51,51,'51',1,NULL,'RJ45',NULL,1,'51',51,NULL),(52,52,'52',1,NULL,'RJ45',NULL,1,'52',52,NULL),(53,53,'53',1,37,'RJ45',NULL,1,'53',53,120),(54,54,'54',1,37,'RJ45',NULL,1,'54',54,120),(55,55,'55',1,37,'RJ45',NULL,1,'55',55,120),(56,56,'56',1,37,'RJ45',NULL,1,'56',56,120),(57,57,'57',1,41,'RJ45',NULL,1,'57',57,119),(58,58,'58',1,41,'RJ45',NULL,1,'58',58,119),(59,59,'59',1,41,'RJ45',NULL,1,'59',59,119),(60,60,'60',1,41,'RJ45',NULL,1,'60',60,119),(61,61,'61',1,45,'RJ45',NULL,1,'61',61,NULL),(62,62,'62',1,45,'RJ45',NULL,1,'62',62,NULL),(63,63,'63',1,45,'RJ45',NULL,1,'63',63,NULL),(64,64,'64',1,45,'RJ45',NULL,1,'64',64,NULL),(65,65,'65',1,49,'RJ45',NULL,1,'65',65,133),(66,66,'66',1,49,'RJ45',NULL,1,'66',66,133),(67,67,'67',1,49,'RJ45',NULL,1,'67',67,133),(68,68,'68',1,49,'RJ45',NULL,1,'68',68,133),(69,69,'69',1,53,'RJ45',NULL,1,'69',69,118),(70,70,'70',1,53,'RJ45',NULL,1,'70',70,118),(71,71,'71',1,53,'RJ45',NULL,1,'71',71,118),(72,72,'72',1,53,'RJ45',NULL,1,'72',72,118),(73,73,'73',1,57,'RJ45',NULL,1,'73',73,117),(74,74,'74',1,57,'RJ45',NULL,1,'74',74,117),(75,75,'75',1,57,'RJ45',NULL,1,'75',75,117),(76,76,'76',1,57,'RJ45',NULL,1,'76',76,117),(77,77,'77',1,61,'RJ45',NULL,1,'77',77,130),(78,78,'78',1,61,'RJ45',NULL,1,'78',78,130),(79,79,'79',1,61,'RJ45',NULL,1,'79',79,130),(80,80,'80',1,61,'RJ45',NULL,1,'80',80,130),(81,81,'81',1,65,'RJ45',NULL,1,'81',81,131),(82,82,'82',1,65,'RJ45',NULL,1,'82',82,131),(83,83,'83',1,65,'RJ45',NULL,1,'83',83,131),(84,84,'84',1,65,'RJ45',NULL,1,'84',84,131),(85,85,'85',1,69,'RJ45',NULL,1,'85',85,116),(86,86,'86',1,69,'RJ45',NULL,1,'86',86,116),(87,87,'87',1,69,'RJ45',NULL,1,'87',87,116),(88,88,'88',1,69,'RJ45',NULL,1,'88',88,116),(89,89,'89',1,NULL,'RJ45',NULL,1,'89',89,NULL),(90,90,'90',1,NULL,'RJ45',NULL,1,'90',90,NULL),(91,91,'91',1,NULL,'RJ45',NULL,1,'91',91,NULL),(92,92,'92',1,NULL,'RJ45',NULL,1,'92',92,NULL),(93,93,'93',1,73,'RJ45',NULL,1,'93',93,148),(94,94,'94',1,73,'RJ45',NULL,1,'94',94,148),(95,95,'95',1,73,'RJ45',NULL,1,'95',95,148),(96,96,'96',1,73,'RJ45',NULL,1,'96',96,148),(97,97,'97',1,77,'RJ45','127.0.0.1',1,'97',97,109),(98,98,'98',1,77,'RJ45',NULL,1,'98',98,109),(99,99,'99',1,77,'RJ45',NULL,0,'99',99,109),(100,100,'100',1,77,'RJ45',NULL,1,'100',100,109),(101,101,'101',1,81,'RJ45',NULL,1,'101',101,110),(102,102,'102',1,81,'RJ45',NULL,1,'102',102,110),(103,103,'103',1,81,'RJ45',NULL,1,'103',103,110),(104,104,'104',1,81,'RJ45',NULL,1,'104',104,110),(105,105,'105',1,85,'RJ45',NULL,1,'105',105,112),(106,106,'106',1,85,'RJ45',NULL,1,'106',106,112),(107,1,'1',2,NULL,'RJ45',NULL,1,'1',1,NULL),(108,2,'2',2,NULL,'RJ45',NULL,1,'2',13,NULL),(109,3,'3',2,NULL,'RJ45',NULL,1,'3',2,NULL),(110,4,'4',2,NULL,'RJ45',NULL,1,'4',14,NULL),(111,5,'5',2,NULL,'RJ45',NULL,1,'5',3,NULL),(112,6,'6',2,NULL,'RJ45',NULL,1,'6',15,NULL),(113,7,'7',2,NULL,'RJ45',NULL,1,'7',4,NULL),(114,8,'8',2,NULL,'RJ45',NULL,1,'8',16,NULL),(115,9,'9',2,NULL,'RJ45',NULL,1,'9',5,NULL),(116,10,'10',2,NULL,'RJ45',NULL,1,'10',17,NULL),(117,11,'11',2,NULL,'RJ45',NULL,1,'11',6,NULL),(118,12,'12',2,NULL,'RJ45',NULL,1,'12',18,NULL),(119,13,'13',2,NULL,'RJ45',NULL,1,'13',7,NULL),(120,14,'14',2,NULL,'RJ45',NULL,1,'14',19,NULL),(121,15,'15',2,NULL,'RJ45',NULL,1,'15',8,NULL),(122,16,'16',2,NULL,'RJ45',NULL,1,'16',20,NULL),(123,17,'17',2,NULL,'RJ45',NULL,1,'17',9,NULL),(124,18,'18',2,NULL,'RJ45',NULL,1,'18',21,NULL),(125,19,'19',2,NULL,'RJ45',NULL,1,'19',10,NULL),(126,20,'20',2,NULL,'RJ45',NULL,1,'20',22,NULL),(127,21,'21',2,NULL,'RJ45',NULL,1,'21',11,NULL),(128,22,'22',2,NULL,'RJ45',NULL,1,'22',23,NULL),(129,23,'23',2,NULL,'RJ45',NULL,1,'23',12,NULL),(130,24,'24',2,NULL,'RJ45',NULL,1,'24',24,NULL),(131,1,'1',3,NULL,'RJ45',NULL,1,'1',1,NULL),(132,2,'2',3,NULL,'RJ45',NULL,1,'2',13,NULL),(133,3,'3',3,NULL,'RJ45',NULL,1,'3',2,NULL),(134,4,'4',3,NULL,'RJ45',NULL,1,'4',14,NULL),(135,5,'5',3,NULL,'RJ45',NULL,1,'5',3,NULL),(136,6,'6',3,NULL,'RJ45',NULL,1,'6',15,NULL),(137,7,'7',3,NULL,'RJ45',NULL,1,'7',4,NULL),(138,8,'8',3,NULL,'RJ45',NULL,1,'8',16,NULL),(139,9,'9',3,NULL,'RJ45',NULL,1,'9',5,NULL),(140,10,'10',3,NULL,'RJ45',NULL,1,'10',17,NULL),(141,11,'11',3,NULL,'RJ45',NULL,1,'11',6,NULL),(142,12,'12',3,NULL,'RJ45',NULL,1,'12',18,NULL),(143,13,'13',3,NULL,'RJ45',NULL,1,'13',7,NULL),(144,14,'14',3,NULL,'RJ45',NULL,1,'14',19,NULL),(145,15,'15',3,NULL,'RJ45',NULL,1,'15',8,NULL),(146,16,'16',3,NULL,'RJ45',NULL,1,'16',20,NULL),(147,17,'17',3,NULL,'RJ45',NULL,1,'17',9,NULL),(148,18,'18',3,NULL,'RJ45',NULL,1,'18',21,NULL),(149,19,'19',3,NULL,'RJ45',NULL,1,'19',10,NULL),(150,20,'20',3,NULL,'RJ45',NULL,1,'20',22,NULL),(151,21,'21',3,NULL,'RJ45',NULL,1,'21',11,NULL),(152,22,'22',3,NULL,'RJ45',NULL,1,'22',23,NULL),(153,23,'23',3,NULL,'RJ45',NULL,1,'23',12,NULL),(154,24,'24',3,NULL,'RJ45',NULL,1,'24',24,NULL),(155,1,'1',4,NULL,'RJ45',NULL,1,'1',1,NULL),(156,2,'2',4,NULL,'RJ45',NULL,1,'2',13,NULL),(157,3,'3',4,NULL,'RJ45',NULL,1,'3',2,NULL),(158,4,'4',4,NULL,'RJ45',NULL,1,'4',14,NULL),(159,5,'5',4,NULL,'RJ45',NULL,1,'5',3,NULL),(160,6,'6',4,NULL,'RJ45',NULL,1,'6',15,NULL),(161,7,'7',4,NULL,'RJ45',NULL,1,'7',4,NULL),(162,8,'8',4,NULL,'RJ45',NULL,1,'8',16,NULL),(163,9,'9',4,NULL,'RJ45',NULL,1,'9',5,NULL),(164,10,'10',4,NULL,'RJ45',NULL,1,'10',17,NULL),(165,11,'11',4,NULL,'RJ45',NULL,1,'11',6,NULL),(166,12,'12',4,NULL,'RJ45',NULL,1,'12',18,NULL),(167,13,'13',4,NULL,'RJ45',NULL,1,'13',7,NULL),(168,14,'14',4,NULL,'RJ45',NULL,1,'14',19,NULL),(169,15,'15',4,NULL,'RJ45',NULL,1,'15',8,NULL),(170,16,'16',4,NULL,'RJ45',NULL,1,'16',20,NULL),(171,17,'17',4,NULL,'RJ45',NULL,1,'17',9,NULL),(172,18,'18',4,NULL,'RJ45',NULL,1,'18',21,NULL),(173,19,'19',4,NULL,'RJ45',NULL,1,'19',10,NULL),(174,20,'20',4,NULL,'RJ45',NULL,1,'20',22,NULL),(175,21,'21',4,NULL,'RJ45',NULL,1,'21',11,NULL),(176,22,'22',4,NULL,'RJ45',NULL,1,'22',23,NULL),(177,23,'23',4,NULL,'RJ45',NULL,1,'23',12,NULL),(178,24,'24',4,NULL,'RJ45',NULL,1,'24',24,NULL),(179,1,'1',5,NULL,'RJ45',NULL,1,'1',1,NULL),(180,2,'2',5,NULL,'RJ45',NULL,1,'2',2,NULL),(181,3,'3',5,NULL,'RJ45',NULL,1,'3',3,NULL),(182,4,'4',5,NULL,'RJ45',NULL,1,'4',4,NULL),(183,5,'5',5,NULL,'RJ45',NULL,1,'5',5,NULL),(184,6,'6',5,NULL,'RJ45',NULL,1,'6',6,NULL),(185,7,'7',5,NULL,'RJ45',NULL,1,'7',7,NULL),(186,8,'8',5,NULL,'RJ45',NULL,1,'8',8,NULL),(187,9,'9',5,NULL,'RJ45',NULL,1,'9',9,NULL),(188,10,'10',5,NULL,'RJ45',NULL,1,'10',10,NULL),(189,11,'11',5,NULL,'RJ45',NULL,1,'11',11,NULL),(190,12,'12',5,NULL,'RJ45',NULL,1,'12',12,NULL),(191,13,'13',5,NULL,'RJ45',NULL,1,'13',13,NULL),(192,14,'14',5,NULL,'RJ45',NULL,1,'14',14,NULL),(193,15,'15',5,NULL,'RJ45',NULL,1,'15',15,NULL),(194,16,'16',5,NULL,'RJ45',NULL,1,'16',16,NULL),(195,17,'17',5,NULL,'RJ45',NULL,1,'17',17,NULL),(196,18,'18',5,NULL,'RJ45',NULL,1,'18',18,NULL),(197,19,'19',5,NULL,'RJ45',NULL,1,'19',19,NULL),(198,20,'20',5,NULL,'RJ45',NULL,1,'20',20,NULL),(199,21,'21',5,NULL,'RJ45',NULL,1,'21',21,NULL),(200,22,'22',5,NULL,'RJ45',NULL,1,'22',22,NULL),(201,23,'23',5,NULL,'RJ45',NULL,1,'23',23,NULL),(202,24,'24',5,NULL,'RJ45',NULL,1,'24',24,NULL),(203,25,'25',5,NULL,'RJ45',NULL,1,'25',25,NULL),(204,26,'26',5,NULL,'RJ45',NULL,1,'26',26,NULL),(205,27,'27',5,NULL,'RJ45',NULL,1,'27',27,NULL),(206,28,'28',5,NULL,'RJ45',NULL,1,'28',28,NULL),(207,29,'29',5,NULL,'RJ45',NULL,1,'29',29,NULL),(208,30,'30',5,NULL,'RJ45',NULL,1,'30',30,NULL),(209,31,'31',5,NULL,'RJ45',NULL,1,'31',31,NULL),(210,32,'32',5,NULL,'RJ45',NULL,1,'32',32,NULL),(211,33,'33',5,NULL,'RJ45',NULL,1,'33',33,NULL),(212,34,'34',5,NULL,'RJ45',NULL,1,'34',34,NULL),(213,35,'35',5,NULL,'RJ45',NULL,1,'35',35,NULL),(214,36,'36',5,NULL,'RJ45',NULL,1,'36',36,NULL),(215,37,'37',5,NULL,'RJ45',NULL,1,'37',37,NULL),(216,38,'38',5,NULL,'RJ45',NULL,1,'38',38,NULL),(217,39,'39',5,NULL,'RJ45',NULL,1,'39',39,NULL),(218,40,'40',5,NULL,'RJ45',NULL,1,'40',40,NULL),(219,41,'41',5,NULL,'RJ45',NULL,1,'41',41,NULL),(220,42,'42',5,NULL,'RJ45',NULL,1,'42',42,NULL),(221,43,'43',5,NULL,'RJ45',NULL,1,'43',43,NULL),(222,44,'44',5,NULL,'RJ45',NULL,1,'44',44,NULL),(223,45,'45',5,NULL,'RJ45',NULL,1,'45',45,NULL),(224,46,'46',5,NULL,'RJ45',NULL,1,'46',46,NULL),(225,47,'47',5,NULL,'RJ45',NULL,1,'47',47,NULL),(226,48,'48',5,NULL,'RJ45',NULL,1,'48',48,NULL),(227,107,'107',6,85,'RJ45',NULL,1,'107',107,112),(228,108,'108',6,85,'RJ45',NULL,1,'108',108,112),(229,109,'109',6,89,'RJ45',NULL,1,'109',109,111),(230,110,'110',6,89,'RJ45',NULL,1,'110',110,111),(231,111,'111',6,89,'RJ45',NULL,1,'111',111,111),(232,112,'112',6,89,'RJ45',NULL,1,'112',112,111),(233,113,'113',6,NULL,'RJ45',NULL,1,'113',113,NULL),(234,114,'114',6,NULL,'RJ45',NULL,1,'114',114,NULL),(235,115,'115',6,NULL,'RJ45',NULL,1,'115',115,NULL),(236,116,'116',6,NULL,'RJ45',NULL,1,'116',116,NULL),(237,117,'117',6,NULL,'RJ45',NULL,1,'117',117,NULL),(238,118,'118',6,NULL,'RJ45',NULL,1,'118',118,NULL),(239,119,'119',6,NULL,'RJ45',NULL,1,'119',119,NULL),(240,120,'120',6,NULL,'RJ45',NULL,1,'120',120,NULL),(241,121,'121',6,NULL,'RJ45',NULL,1,'121',121,NULL),(242,122,'122',6,NULL,'RJ45',NULL,1,'122',122,NULL),(243,123,'123',6,NULL,'RJ45',NULL,1,'123',123,NULL),(244,124,'124',6,NULL,'RJ45',NULL,1,'124',124,NULL),(245,125,'125',6,NULL,'RJ45',NULL,1,'125',125,NULL),(246,126,'126',6,NULL,'RJ45',NULL,1,'126',126,NULL),(247,127,'127',6,NULL,'RJ45',NULL,1,'127',127,NULL),(248,128,'128',6,NULL,'RJ45',NULL,1,'128',128,NULL),(249,129,'129',6,NULL,'RJ45',NULL,1,'129',129,NULL),(250,130,'130',6,NULL,'RJ45',NULL,1,'130',130,NULL),(251,131,'131',6,NULL,'RJ45',NULL,1,'131',131,NULL),(252,132,'132',6,NULL,'RJ45',NULL,1,'132',132,NULL),(253,133,'133',6,NULL,'RJ45',NULL,1,'133',133,NULL),(254,134,'134',6,NULL,'RJ45',NULL,1,'134',134,NULL),(255,135,'135',6,NULL,'RJ45',NULL,1,'135',135,NULL),(256,136,'136',6,NULL,'RJ45',NULL,1,'136',136,NULL),(257,137,'137',6,93,'RJ45',NULL,1,'137',137,127),(258,138,'138',6,93,'RJ45',NULL,1,'138',138,127),(259,139,'139',6,93,'RJ45',NULL,1,'139',139,127),(260,140,'140',6,93,'RJ45',NULL,1,'140',140,127),(261,141,'141',6,97,'RJ45',NULL,1,'141',141,147),(262,142,'142',6,97,'RJ45',NULL,1,'142',142,147),(263,143,'143',6,97,'RJ45',NULL,1,'143',143,147),(264,144,'144',6,97,'RJ45',NULL,1,'144',144,147),(265,145,'145',6,101,'RJ45',NULL,1,'145',145,128),(266,146,'146',6,101,'RJ45',NULL,1,'146',146,128),(267,147,'147',6,101,'RJ45',NULL,1,'147',147,128),(268,148,'148',6,101,'RJ45',NULL,1,'148',148,128),(269,149,'149',6,105,'RJ45',NULL,1,'149',149,146),(270,150,'150',6,105,'RJ45',NULL,1,'150',150,146),(271,151,'151',6,105,'RJ45',NULL,1,'151',151,146),(272,152,'152',6,105,'RJ45',NULL,1,'152',152,146),(273,153,'153',6,NULL,'RJ45',NULL,1,'153',153,NULL),(274,154,'154',6,NULL,'RJ45',NULL,1,'154',154,NULL),(275,155,'155',6,NULL,'RJ45',NULL,1,'155',155,NULL),(276,156,'156',6,NULL,'RJ45',NULL,1,'156',156,NULL),(277,157,'157',6,109,'RJ45',NULL,1,'157',157,145),(278,158,'158',6,109,'RJ45',NULL,1,'158',158,145),(279,159,'159',6,109,'RJ45',NULL,1,'159',159,145),(280,160,'160',6,109,'RJ45',NULL,1,'160',160,145),(281,161,'161',6,NULL,'RJ45',NULL,1,'161',161,NULL),(282,162,'162',6,NULL,'RJ45',NULL,1,'162',162,NULL),(283,163,'163',6,NULL,'RJ45',NULL,1,'163',163,NULL),(284,164,'164',6,NULL,'RJ45',NULL,1,'164',164,NULL),(285,165,'165',6,NULL,'RJ45',NULL,1,'165',165,NULL),(286,166,'166',6,NULL,'RJ45',NULL,1,'166',166,NULL),(287,167,'167',6,NULL,'RJ45',NULL,1,'167',167,NULL),(288,168,'168',6,NULL,'RJ45',NULL,1,'168',168,NULL),(289,169,'169',6,NULL,'RJ45',NULL,1,'169',169,NULL),(290,170,'170',6,NULL,'RJ45',NULL,1,'170',170,NULL),(291,171,'171',6,NULL,'RJ45',NULL,1,'171',171,NULL),(292,172,'172',6,NULL,'RJ45',NULL,1,'172',172,NULL),(293,173,'173',6,113,'RJ45',NULL,1,'173',173,106),(294,174,'174',6,113,'RJ45',NULL,1,'174',174,106),(295,175,'175',6,113,'RJ45',NULL,1,'175',175,106),(296,176,'176',6,113,'RJ45',NULL,1,'176',176,106),(297,177,'177',6,117,'RJ45',NULL,1,'177',177,97),(298,178,'178',6,117,'RJ45',NULL,1,'178',178,97),(299,179,'179',6,117,'RJ45',NULL,1,'179',179,97),(300,180,'180',6,117,'RJ45',NULL,1,'180',180,97),(301,181,'181',6,NULL,'RJ45',NULL,1,'181',181,NULL),(302,182,'182',6,NULL,'RJ45',NULL,1,'182',182,NULL),(303,183,'183',6,NULL,'RJ45',NULL,1,'183',183,NULL),(304,184,'184',6,NULL,'RJ45',NULL,1,'184',184,NULL),(305,185,'185',6,121,'RJ45',NULL,1,'185',185,170),(306,186,'186',6,121,'RJ45',NULL,1,'186',186,170),(307,187,'187',6,121,'RJ45',NULL,1,'187',187,170),(308,188,'188',6,121,'RJ45',NULL,1,'188',188,170),(309,189,'189',6,NULL,'RJ45',NULL,1,'189',189,NULL),(310,190,'190',6,NULL,'RJ45',NULL,1,'190',190,NULL),(311,191,'191',6,NULL,'RJ45',NULL,1,'191',191,NULL),(312,192,'192',6,NULL,'RJ45',NULL,1,'192',192,NULL),(313,193,'193',6,NULL,'RJ45',NULL,1,'193',193,NULL),(314,194,'194',6,NULL,'RJ45',NULL,1,'194',194,NULL),(315,195,'195',6,NULL,'RJ45',NULL,1,'195',195,NULL),(316,196,'196',6,NULL,'RJ45',NULL,1,'196',196,NULL),(317,197,'197',6,NULL,'RJ45',NULL,1,'197',197,NULL),(318,198,'198',6,NULL,'RJ45',NULL,1,'198',198,NULL),(319,199,'199',6,NULL,'RJ45',NULL,1,'199',199,NULL),(320,200,'200',6,NULL,'RJ45',NULL,1,'200',200,NULL),(321,201,'201',6,NULL,'RJ45',NULL,1,'201',201,NULL),(322,202,'202',6,NULL,'RJ45',NULL,1,'202',202,NULL),(323,203,'203',6,NULL,'RJ45',NULL,1,'203',203,NULL),(324,204,'204',6,NULL,'RJ45',NULL,1,'204',204,NULL),(325,205,'205',6,125,'RJ45',NULL,1,'205',205,172),(326,206,'206',6,125,'RJ45',NULL,1,'206',206,172),(327,207,'207',6,125,'RJ45',NULL,1,'207',207,172),(328,208,'208',6,125,'RJ45',NULL,1,'208',208,172),(329,209,'209',6,NULL,'RJ45',NULL,1,'209',209,NULL),(330,210,'210',6,NULL,'RJ45',NULL,1,'210',210,NULL),(331,211,'211',6,NULL,'RJ45',NULL,1,'211',211,NULL),(332,212,'212',6,NULL,'RJ45',NULL,1,'212',212,NULL),(333,1,'1',7,NULL,'RJ45',NULL,1,'1',1,NULL),(334,2,'2',7,NULL,'RJ45',NULL,1,'2',13,NULL),(335,3,'3',7,NULL,'RJ45',NULL,1,'3',2,NULL),(336,4,'4',7,NULL,'RJ45',NULL,1,'4',14,NULL),(337,5,'5',7,NULL,'RJ45',NULL,1,'5',3,NULL),(338,6,'6',7,NULL,'RJ45',NULL,1,'6',15,NULL),(339,7,'7',7,NULL,'RJ45',NULL,1,'7',4,NULL),(340,8,'8',7,NULL,'RJ45',NULL,1,'8',16,NULL),(341,9,'9',7,NULL,'RJ45',NULL,1,'9',5,NULL),(342,10,'10',7,NULL,'RJ45',NULL,1,'10',17,NULL),(343,11,'11',7,NULL,'RJ45',NULL,1,'11',6,NULL),(344,12,'12',7,NULL,'RJ45',NULL,1,'12',18,NULL),(345,13,'13',7,NULL,'RJ45',NULL,1,'13',7,NULL),(346,14,'14',7,NULL,'RJ45',NULL,1,'14',19,NULL),(347,15,'15',7,NULL,'RJ45',NULL,1,'15',8,NULL),(348,16,'16',7,NULL,'RJ45',NULL,1,'16',20,NULL),(349,17,'17',7,NULL,'RJ45',NULL,1,'17',9,NULL),(350,18,'18',7,NULL,'RJ45',NULL,1,'18',21,NULL),(351,19,'19',7,NULL,'RJ45',NULL,1,'19',10,NULL),(352,20,'20',7,NULL,'RJ45',NULL,1,'20',22,NULL),(353,21,'21',7,NULL,'RJ45',NULL,1,'21',11,NULL),(354,22,'22',7,NULL,'RJ45',NULL,1,'22',23,NULL),(355,23,'23',7,NULL,'RJ45',NULL,1,'23',12,NULL),(356,24,'24',7,NULL,'RJ45',NULL,1,'24',24,NULL),(357,1,'1',8,NULL,'RJ45',NULL,1,'1',1,NULL),(358,2,'2',8,NULL,'RJ45',NULL,1,'2',13,NULL),(359,3,'3',8,NULL,'RJ45',NULL,1,'3',2,NULL),(360,4,'4',8,NULL,'RJ45',NULL,1,'4',14,NULL),(361,5,'5',8,NULL,'RJ45',NULL,1,'5',3,NULL),(362,6,'6',8,NULL,'RJ45',NULL,1,'6',15,NULL),(363,7,'7',8,NULL,'RJ45',NULL,1,'7',4,NULL),(364,8,'8',8,NULL,'RJ45',NULL,1,'8',16,NULL),(365,9,'9',8,NULL,'RJ45',NULL,1,'9',5,NULL),(366,10,'10',8,NULL,'RJ45',NULL,1,'10',17,NULL),(367,11,'11',8,NULL,'RJ45',NULL,1,'11',6,NULL),(368,12,'12',8,NULL,'RJ45',NULL,1,'12',18,NULL),(369,13,'13',8,NULL,'RJ45',NULL,1,'13',7,NULL),(370,14,'14',8,NULL,'RJ45',NULL,1,'14',19,NULL),(371,15,'15',8,NULL,'RJ45',NULL,1,'15',8,NULL),(372,16,'16',8,NULL,'RJ45',NULL,1,'16',20,NULL),(373,17,'17',8,NULL,'RJ45',NULL,1,'17',9,NULL),(374,18,'18',8,NULL,'RJ45',NULL,1,'18',21,NULL),(375,19,'19',8,NULL,'RJ45',NULL,1,'19',10,NULL),(376,20,'20',8,NULL,'RJ45',NULL,1,'20',22,NULL),(377,21,'21',8,NULL,'RJ45',NULL,1,'21',11,NULL),(378,22,'22',8,NULL,'RJ45',NULL,1,'22',23,NULL),(379,23,'23',8,NULL,'RJ45',NULL,1,'23',12,NULL),(380,24,'24',8,NULL,'RJ45',NULL,1,'24',24,NULL),(381,1,'1',9,NULL,'RJ45',NULL,1,'1',1,NULL),(382,2,'2',9,NULL,'RJ45',NULL,1,'2',13,NULL),(383,3,'3',9,NULL,'RJ45',NULL,1,'3',2,NULL),(384,4,'4',9,NULL,'RJ45',NULL,1,'4',14,NULL),(385,5,'5',9,NULL,'RJ45',NULL,1,'5',3,NULL),(386,6,'6',9,NULL,'RJ45',NULL,1,'6',15,NULL),(387,7,'7',9,NULL,'RJ45',NULL,1,'7',4,NULL),(388,8,'8',9,NULL,'RJ45',NULL,1,'8',16,NULL),(389,9,'9',9,NULL,'RJ45',NULL,1,'9',5,NULL),(390,10,'10',9,NULL,'RJ45',NULL,1,'10',17,NULL),(391,11,'11',9,NULL,'RJ45',NULL,1,'11',6,NULL),(392,12,'12',9,NULL,'RJ45',NULL,1,'12',18,NULL),(393,13,'13',9,NULL,'RJ45',NULL,1,'13',7,NULL),(394,14,'14',9,NULL,'RJ45',NULL,1,'14',19,NULL),(395,15,'15',9,NULL,'RJ45',NULL,1,'15',8,NULL),(396,16,'16',9,NULL,'RJ45',NULL,1,'16',20,NULL),(397,17,'17',9,NULL,'RJ45',NULL,1,'17',9,NULL),(398,18,'18',9,NULL,'RJ45',NULL,1,'18',21,NULL),(399,19,'19',9,NULL,'RJ45',NULL,1,'19',10,NULL),(400,20,'20',9,NULL,'RJ45',NULL,1,'20',22,NULL),(401,21,'21',9,NULL,'RJ45',NULL,1,'21',11,NULL),(402,22,'22',9,NULL,'RJ45',NULL,1,'22',23,NULL),(403,23,'23',9,NULL,'RJ45',NULL,1,'23',12,NULL),(404,24,'24',9,NULL,'RJ45',NULL,1,'24',24,NULL),(405,1,'1',10,NULL,'RJ45',NULL,1,'1',1,NULL),(406,2,'2',10,NULL,'RJ45',NULL,1,'2',2,NULL),(407,3,'3',10,NULL,'RJ45',NULL,1,'3',3,NULL),(408,4,'4',10,NULL,'RJ45',NULL,1,'4',4,NULL),(409,5,'5',10,NULL,'RJ45',NULL,1,'5',5,NULL),(410,6,'6',10,NULL,'RJ45',NULL,1,'6',6,NULL),(411,7,'7',10,NULL,'RJ45',NULL,1,'7',7,NULL),(412,8,'8',10,NULL,'RJ45',NULL,1,'8',8,NULL),(413,9,'9',10,NULL,'RJ45',NULL,1,'9',9,NULL),(414,10,'10',10,NULL,'RJ45',NULL,1,'10',10,NULL),(415,11,'11',10,NULL,'RJ45',NULL,1,'11',11,NULL),(416,12,'12',10,NULL,'RJ45',NULL,1,'12',12,NULL),(417,13,'13',10,NULL,'RJ45',NULL,1,'13',13,NULL),(418,14,'14',10,NULL,'RJ45',NULL,1,'14',14,NULL),(419,15,'15',10,NULL,'RJ45',NULL,1,'15',15,NULL),(420,16,'16',10,NULL,'RJ45',NULL,1,'16',16,NULL),(421,17,'17',10,NULL,'RJ45',NULL,1,'17',17,NULL),(422,18,'18',10,NULL,'RJ45',NULL,1,'18',18,NULL),(423,19,'19',10,NULL,'RJ45',NULL,1,'19',19,NULL),(424,20,'20',10,NULL,'RJ45',NULL,1,'20',20,NULL),(425,21,'21',10,NULL,'RJ45',NULL,1,'21',21,NULL),(426,22,'22',10,NULL,'RJ45',NULL,1,'22',22,NULL),(427,23,'23',10,NULL,'RJ45',NULL,1,'23',23,NULL),(428,24,'24',10,NULL,'RJ45',NULL,1,'24',24,NULL),(429,25,'25',10,NULL,'RJ45',NULL,1,'25',25,NULL),(430,26,'26',10,NULL,'RJ45',NULL,1,'26',26,NULL),(431,27,'27',10,NULL,'RJ45',NULL,1,'27',27,NULL),(432,28,'28',10,NULL,'RJ45',NULL,1,'28',28,NULL),(433,29,'29',10,NULL,'RJ45',NULL,1,'29',29,NULL),(434,30,'30',10,NULL,'RJ45',NULL,1,'30',30,NULL),(435,31,'31',10,NULL,'RJ45',NULL,1,'31',31,NULL),(436,32,'32',10,NULL,'RJ45',NULL,1,'32',32,NULL),(437,33,'33',10,NULL,'RJ45',NULL,1,'33',33,NULL),(438,34,'34',10,NULL,'RJ45',NULL,1,'34',34,NULL),(439,35,'35',10,NULL,'RJ45',NULL,1,'35',35,NULL),(440,36,'36',10,NULL,'RJ45',NULL,1,'36',36,NULL),(441,37,'37',10,NULL,'RJ45',NULL,1,'37',37,NULL),(442,38,'38',10,NULL,'RJ45',NULL,1,'38',38,NULL),(443,39,'39',10,NULL,'RJ45',NULL,1,'39',39,NULL),(444,40,'40',10,NULL,'RJ45',NULL,1,'40',40,NULL),(445,41,'41',10,NULL,'RJ45',NULL,1,'41',41,NULL),(446,42,'42',10,NULL,'RJ45',NULL,1,'42',42,NULL),(447,43,'43',10,NULL,'RJ45',NULL,1,'43',43,NULL),(448,44,'44',10,NULL,'RJ45',NULL,1,'44',44,NULL),(449,45,'45',10,NULL,'RJ45',NULL,1,'45',45,NULL),(450,46,'46',10,NULL,'RJ45',NULL,1,'46',46,NULL),(451,47,'47',10,NULL,'RJ45',NULL,1,'47',47,NULL),(452,48,'48',10,NULL,'RJ45',NULL,1,'48',48,NULL),(453,1,'1',11,NULL,'RJ45',NULL,1,'1',1,NULL),(454,2,'2',11,NULL,'RJ45',NULL,1,'2',2,NULL),(455,3,'3',11,NULL,'RJ45',NULL,1,'3',3,NULL),(456,4,'4',11,NULL,'RJ45',NULL,1,'4',4,NULL),(457,5,'5',11,NULL,'RJ45',NULL,1,'5',5,NULL),(458,6,'6',11,NULL,'RJ45',NULL,1,'6',6,NULL),(459,7,'7',11,NULL,'RJ45',NULL,1,'7',7,NULL),(460,8,'8',11,NULL,'RJ45',NULL,1,'8',8,NULL),(461,9,'9',11,NULL,'RJ45',NULL,1,'9',9,NULL),(462,10,'10',11,NULL,'RJ45',NULL,1,'10',10,NULL),(463,11,'11',11,NULL,'RJ45',NULL,1,'11',11,NULL),(464,12,'12',11,NULL,'RJ45',NULL,1,'12',12,NULL),(465,13,'13',11,NULL,'RJ45',NULL,1,'13',13,NULL),(466,14,'14',11,NULL,'RJ45',NULL,1,'14',14,NULL),(467,15,'15',11,NULL,'RJ45',NULL,1,'15',15,NULL),(468,16,'16',11,NULL,'RJ45',NULL,1,'16',16,NULL),(469,17,'17',11,NULL,'RJ45',NULL,1,'17',17,NULL),(470,18,'18',11,NULL,'RJ45',NULL,1,'18',18,NULL),(471,19,'19',11,NULL,'RJ45',NULL,1,'19',19,NULL),(472,20,'20',11,NULL,'RJ45',NULL,1,'20',20,NULL),(473,21,'21',11,NULL,'RJ45',NULL,1,'21',21,NULL),(474,22,'22',11,NULL,'RJ45',NULL,1,'22',22,NULL),(475,23,'23',11,NULL,'RJ45',NULL,1,'23',23,NULL),(476,24,'24',11,NULL,'RJ45',NULL,1,'24',24,NULL),(477,25,'25',11,NULL,'RJ45',NULL,1,'25',25,NULL),(478,26,'26',11,NULL,'RJ45',NULL,1,'26',26,NULL),(479,27,'27',11,NULL,'RJ45',NULL,1,'27',27,NULL),(480,28,'28',11,NULL,'RJ45',NULL,1,'28',28,NULL),(481,29,'29',11,NULL,'RJ45',NULL,1,'29',29,NULL),(482,30,'30',11,NULL,'RJ45',NULL,1,'30',30,NULL),(483,31,'31',11,NULL,'RJ45',NULL,1,'31',31,NULL),(484,32,'32',11,NULL,'RJ45',NULL,1,'32',32,NULL),(485,33,'33',11,NULL,'RJ45',NULL,1,'33',33,NULL),(486,34,'34',11,NULL,'RJ45',NULL,1,'34',34,NULL),(487,35,'35',11,NULL,'RJ45',NULL,1,'35',35,NULL),(488,36,'36',11,NULL,'RJ45',NULL,1,'36',36,NULL),(489,37,'37',11,NULL,'RJ45',NULL,1,'37',37,NULL),(490,38,'38',11,NULL,'RJ45',NULL,1,'38',38,NULL),(491,39,'39',11,NULL,'RJ45',NULL,1,'39',39,NULL),(492,40,'40',11,NULL,'RJ45',NULL,1,'40',40,NULL),(493,41,'41',11,NULL,'RJ45',NULL,1,'41',41,NULL),(494,42,'42',11,NULL,'RJ45',NULL,1,'42',42,NULL),(495,43,'43',11,NULL,'RJ45',NULL,1,'43',43,NULL),(496,44,'44',11,NULL,'RJ45',NULL,1,'44',44,NULL),(497,45,'45',11,NULL,'RJ45',NULL,1,'45',45,NULL),(498,46,'46',11,NULL,'RJ45',NULL,1,'46',46,NULL),(499,47,'47',11,NULL,'RJ45',NULL,1,'47',47,NULL),(500,48,'48',11,NULL,'RJ45',NULL,1,'48',48,NULL),(501,49,'49',11,NULL,'RJ45',NULL,1,'49',49,NULL),(502,50,'50',11,NULL,'RJ45',NULL,1,'50',50,NULL),(503,51,'51',11,NULL,'RJ45',NULL,1,'51',51,NULL),(504,52,'52',11,NULL,'RJ45',NULL,1,'52',52,NULL),(505,53,'53',11,NULL,'RJ45',NULL,1,'53',53,NULL),(506,54,'54',11,NULL,'RJ45',NULL,1,'54',54,NULL),(507,55,'55',11,NULL,'RJ45',NULL,1,'55',55,NULL),(508,56,'56',11,NULL,'RJ45',NULL,1,'56',56,NULL),(509,57,'57',11,NULL,'RJ45',NULL,1,'57',57,NULL),(510,58,'58',11,NULL,'RJ45',NULL,1,'58',58,NULL),(511,59,'59',11,NULL,'RJ45',NULL,1,'59',59,NULL),(512,60,'60',11,NULL,'RJ45',NULL,1,'60',60,NULL),(513,61,'61',11,NULL,'RJ45',NULL,1,'61',61,NULL),(514,62,'62',11,NULL,'RJ45',NULL,1,'62',62,NULL),(515,63,'63',11,NULL,'RJ45',NULL,1,'63',63,NULL),(516,64,'64',11,NULL,'RJ45',NULL,1,'64',64,NULL),(517,65,'65',11,NULL,'RJ45',NULL,1,'65',65,NULL),(518,66,'66',11,NULL,'RJ45',NULL,1,'66',66,NULL),(519,67,'67',11,NULL,'RJ45',NULL,1,'67',67,NULL),(520,68,'68',11,NULL,'RJ45',NULL,1,'68',68,NULL),(521,69,'69',11,NULL,'RJ45',NULL,1,'69',69,NULL),(522,70,'70',11,NULL,'RJ45',NULL,1,'70',70,NULL),(523,71,'71',11,NULL,'RJ45',NULL,1,'71',71,NULL),(524,72,'72',11,NULL,'RJ45',NULL,1,'72',72,NULL),(525,73,'73',11,NULL,'RJ45',NULL,1,'73',73,NULL),(526,74,'74',11,NULL,'RJ45',NULL,1,'74',74,NULL),(527,75,'75',11,NULL,'RJ45',NULL,1,'75',75,NULL),(528,76,'76',11,NULL,'RJ45',NULL,1,'76',76,NULL),(529,77,'77',11,NULL,'RJ45',NULL,1,'77',77,NULL),(530,78,'78',11,NULL,'RJ45',NULL,1,'78',78,NULL),(531,79,'79',11,NULL,'RJ45',NULL,1,'79',79,NULL),(532,80,'80',11,NULL,'RJ45',NULL,1,'80',80,NULL),(533,81,'81',11,NULL,'RJ45',NULL,1,'81',81,NULL),(534,82,'82',11,NULL,'RJ45',NULL,1,'82',82,NULL),(535,83,'83',11,NULL,'RJ45',NULL,1,'83',83,NULL),(536,84,'84',11,NULL,'RJ45',NULL,1,'84',84,NULL),(537,85,'85',11,NULL,'RJ45',NULL,1,'85',85,NULL),(538,86,'86',11,NULL,'RJ45',NULL,1,'86',86,NULL),(539,87,'87',11,NULL,'RJ45',NULL,1,'87',87,NULL),(540,88,'88',11,NULL,'RJ45',NULL,1,'88',88,NULL),(541,89,'89',11,NULL,'RJ45',NULL,1,'89',89,NULL),(542,90,'90',11,NULL,'RJ45',NULL,1,'90',90,NULL),(543,91,'91',11,NULL,'RJ45',NULL,1,'91',91,NULL),(544,92,'92',11,NULL,'RJ45',NULL,1,'92',92,NULL),(545,93,'93',11,NULL,'RJ45',NULL,1,'93',93,NULL),(546,94,'94',11,NULL,'RJ45',NULL,1,'94',94,NULL),(547,95,'95',11,NULL,'RJ45',NULL,1,'95',95,NULL),(548,96,'96',11,NULL,'RJ45',NULL,1,'96',96,NULL),(549,97,'97',11,NULL,'RJ45',NULL,1,'97',97,NULL),(550,98,'98',11,NULL,'RJ45',NULL,1,'98',98,NULL),(551,99,'99',11,NULL,'RJ45',NULL,1,'99',99,NULL),(552,100,'100',11,NULL,'RJ45',NULL,1,'100',100,NULL),(553,101,'101',11,NULL,'RJ45',NULL,1,'101',101,NULL),(554,102,'102',11,NULL,'RJ45',NULL,1,'102',102,NULL),(555,103,'103',11,NULL,'RJ45',NULL,1,'103',103,NULL),(556,104,'104',11,NULL,'RJ45',NULL,1,'104',104,NULL),(557,105,'105',11,NULL,'RJ45',NULL,1,'105',105,NULL),(558,106,'106',11,NULL,'RJ45',NULL,1,'106',106,NULL),(559,107,'107',11,NULL,'RJ45',NULL,1,'107',107,NULL),(560,108,'108',11,NULL,'RJ45',NULL,1,'108',108,NULL),(561,109,'109',11,NULL,'RJ45',NULL,1,'109',109,NULL),(562,110,'110',11,NULL,'RJ45',NULL,1,'110',110,NULL),(563,111,'111',11,NULL,'RJ45',NULL,1,'111',111,NULL),(564,112,'112',11,NULL,'RJ45',NULL,1,'112',112,NULL),(565,113,'113',11,NULL,'RJ45',NULL,1,'113',113,NULL),(566,114,'114',11,NULL,'RJ45',NULL,1,'114',114,NULL),(567,1,'1',12,NULL,'RJ45',NULL,1,'1',1,NULL),(568,2,'2',12,NULL,'RJ45',NULL,1,'2',2,NULL),(569,3,'3',12,NULL,'RJ45',NULL,1,'3',3,NULL),(570,4,'4',12,NULL,'RJ45',NULL,1,'4',4,NULL),(571,5,'5',12,NULL,'RJ45',NULL,1,'5',5,NULL),(572,6,'6',12,NULL,'RJ45',NULL,1,'6',6,NULL),(573,7,'7',12,NULL,'RJ45',NULL,1,'7',7,NULL),(574,8,'8',12,NULL,'RJ45',NULL,1,'8',8,NULL),(575,9,'9',12,NULL,'RJ45',NULL,1,'9',9,NULL),(576,10,'10',12,NULL,'RJ45',NULL,1,'10',10,NULL),(577,11,'11',12,NULL,'RJ45',NULL,1,'11',11,NULL),(578,12,'12',12,NULL,'RJ45',NULL,1,'12',12,NULL),(579,13,'13',12,NULL,'RJ45',NULL,1,'13',13,NULL),(580,14,'14',12,NULL,'RJ45',NULL,1,'14',14,NULL),(581,15,'15',12,NULL,'RJ45',NULL,1,'15',15,NULL),(582,16,'16',12,NULL,'RJ45',NULL,1,'16',16,NULL),(583,17,'17',12,NULL,'RJ45',NULL,1,'17',17,NULL),(584,18,'18',12,NULL,'RJ45',NULL,1,'18',18,NULL),(585,19,'19',12,NULL,'RJ45',NULL,1,'19',19,NULL),(586,20,'20',12,NULL,'RJ45',NULL,1,'20',20,NULL),(587,21,'21',12,NULL,'RJ45',NULL,1,'21',21,NULL),(588,22,'22',12,NULL,'RJ45',NULL,1,'22',22,NULL),(589,23,'23',12,NULL,'RJ45',NULL,1,'23',23,NULL),(590,24,'24',12,NULL,'RJ45',NULL,1,'24',24,NULL),(591,25,'25',12,NULL,'RJ45',NULL,1,'25',25,NULL),(592,26,'26',12,NULL,'RJ45',NULL,1,'26',26,NULL),(593,27,'27',12,NULL,'RJ45',NULL,1,'27',27,NULL),(594,28,'28',12,NULL,'RJ45',NULL,1,'28',28,NULL),(595,29,'29',12,NULL,'RJ45',NULL,1,'29',29,NULL),(596,30,'30',12,NULL,'RJ45',NULL,1,'30',30,NULL),(597,31,'31',12,NULL,'RJ45',NULL,1,'31',31,NULL),(598,32,'32',12,NULL,'RJ45',NULL,1,'32',32,NULL),(599,33,'33',12,NULL,'RJ45',NULL,1,'33',33,NULL),(600,34,'34',12,NULL,'RJ45',NULL,1,'34',34,NULL),(601,35,'35',12,NULL,'RJ45',NULL,1,'35',35,NULL),(602,36,'36',12,NULL,'RJ45',NULL,1,'36',36,NULL),(603,37,'37',12,NULL,'RJ45',NULL,1,'37',37,NULL),(604,38,'38',12,NULL,'RJ45',NULL,1,'38',38,NULL),(605,39,'39',12,NULL,'RJ45',NULL,1,'39',39,NULL),(606,40,'40',12,NULL,'RJ45',NULL,1,'40',40,NULL),(607,41,'41',12,NULL,'RJ45',NULL,1,'41',41,NULL),(608,42,'42',12,NULL,'RJ45',NULL,1,'42',42,NULL),(609,43,'43',12,NULL,'RJ45',NULL,1,'43',43,NULL),(610,44,'44',12,NULL,'RJ45',NULL,1,'44',44,NULL),(611,45,'45',12,NULL,'RJ45',NULL,1,'45',45,NULL),(612,46,'46',12,NULL,'RJ45',NULL,1,'46',46,NULL),(613,47,'47',12,NULL,'RJ45',NULL,1,'47',47,NULL),(614,48,'48',12,NULL,'RJ45',NULL,1,'48',48,NULL),(615,1,'1',13,NULL,'RJ45',NULL,1,'1',1,NULL),(616,2,'2',13,NULL,'RJ45',NULL,1,'2',13,NULL),(617,3,'3',13,NULL,'RJ45',NULL,1,'3',2,NULL),(618,4,'4',13,NULL,'RJ45',NULL,1,'4',14,NULL),(619,5,'5',13,NULL,'RJ45',NULL,1,'5',3,NULL),(620,6,'6',13,NULL,'RJ45',NULL,1,'6',15,NULL),(621,7,'7',13,NULL,'RJ45',NULL,1,'7',4,NULL),(622,8,'8',13,NULL,'RJ45',NULL,1,'8',16,NULL),(623,9,'9',13,NULL,'RJ45',NULL,1,'9',5,NULL),(624,10,'10',13,NULL,'RJ45',NULL,1,'10',17,NULL),(625,11,'11',13,NULL,'RJ45',NULL,1,'11',6,NULL),(626,12,'12',13,NULL,'RJ45',NULL,1,'12',18,NULL),(627,13,'13',13,NULL,'RJ45',NULL,1,'13',7,NULL),(628,14,'14',13,NULL,'RJ45',NULL,1,'14',19,NULL),(629,15,'15',13,NULL,'RJ45',NULL,1,'15',8,NULL),(630,16,'16',13,NULL,'RJ45',NULL,1,'16',20,NULL),(631,17,'17',13,NULL,'RJ45',NULL,1,'17',9,NULL),(632,18,'18',13,NULL,'RJ45',NULL,1,'18',21,NULL),(633,19,'19',13,NULL,'RJ45',NULL,1,'19',10,NULL),(634,20,'20',13,NULL,'RJ45',NULL,1,'20',22,NULL),(635,21,'21',13,NULL,'RJ45',NULL,1,'21',11,NULL),(636,22,'22',13,NULL,'RJ45',NULL,1,'22',23,NULL),(637,23,'23',13,NULL,'RJ45',NULL,1,'23',12,NULL),(638,24,'24',13,NULL,'RJ45',NULL,1,'24',24,NULL),(639,1,'1',14,NULL,'RJ45',NULL,1,'1',1,NULL),(640,2,'2',14,NULL,'RJ45',NULL,1,'2',13,NULL),(641,3,'3',14,NULL,'RJ45',NULL,1,'3',2,NULL),(642,4,'4',14,NULL,'RJ45',NULL,1,'4',14,NULL),(643,5,'5',14,NULL,'RJ45',NULL,1,'5',3,NULL),(644,6,'6',14,NULL,'RJ45',NULL,1,'6',15,NULL),(645,7,'7',14,NULL,'RJ45',NULL,1,'7',4,NULL),(646,8,'8',14,NULL,'RJ45',NULL,1,'8',16,NULL),(647,9,'9',14,NULL,'RJ45',NULL,1,'9',5,NULL),(648,10,'10',14,NULL,'RJ45',NULL,1,'10',17,NULL),(649,11,'11',14,NULL,'RJ45',NULL,1,'11',6,NULL),(650,12,'12',14,NULL,'RJ45',NULL,1,'12',18,NULL),(651,13,'13',14,NULL,'RJ45',NULL,1,'13',7,NULL),(652,14,'14',14,NULL,'RJ45',NULL,1,'14',19,NULL),(653,15,'15',14,NULL,'RJ45',NULL,1,'15',8,NULL),(654,16,'16',14,NULL,'RJ45',NULL,1,'16',20,NULL),(655,17,'17',14,NULL,'RJ45',NULL,1,'17',9,NULL),(656,18,'18',14,NULL,'RJ45',NULL,1,'18',21,NULL),(657,19,'19',14,NULL,'RJ45',NULL,1,'19',10,NULL),(658,20,'20',14,NULL,'RJ45',NULL,1,'20',22,NULL),(659,21,'21',14,NULL,'RJ45',NULL,1,'21',11,NULL),(660,22,'22',14,NULL,'RJ45',NULL,1,'22',23,NULL),(661,23,'23',14,NULL,'RJ45',NULL,1,'23',12,NULL),(662,24,'24',14,NULL,'RJ45',NULL,1,'24',24,NULL),(663,1,'1',15,NULL,'RJ45',NULL,1,'1',1,NULL),(664,2,'2',15,NULL,'RJ45',NULL,1,'2',13,NULL),(665,3,'3',15,NULL,'RJ45',NULL,1,'3',2,NULL),(666,4,'4',15,NULL,'RJ45',NULL,1,'4',14,NULL),(667,5,'5',15,NULL,'RJ45',NULL,1,'5',3,NULL),(668,6,'6',15,NULL,'RJ45',NULL,1,'6',15,NULL),(669,7,'7',15,NULL,'RJ45',NULL,1,'7',4,NULL),(670,8,'8',15,NULL,'RJ45',NULL,1,'8',16,NULL),(671,9,'9',15,NULL,'RJ45',NULL,1,'9',5,NULL),(672,10,'10',15,NULL,'RJ45',NULL,1,'10',17,NULL),(673,11,'11',15,NULL,'RJ45',NULL,1,'11',6,NULL),(674,12,'12',15,NULL,'RJ45',NULL,1,'12',18,NULL),(675,13,'13',15,NULL,'RJ45',NULL,1,'13',7,NULL),(676,14,'14',15,NULL,'RJ45',NULL,1,'14',19,NULL),(677,15,'15',15,NULL,'RJ45',NULL,1,'15',8,NULL),(678,16,'16',15,NULL,'RJ45',NULL,1,'16',20,NULL),(679,17,'17',15,NULL,'RJ45',NULL,1,'17',9,NULL),(680,18,'18',15,NULL,'RJ45',NULL,1,'18',21,NULL),(681,19,'19',15,NULL,'RJ45',NULL,1,'19',10,NULL),(682,20,'20',15,NULL,'RJ45',NULL,1,'20',22,NULL),(683,21,'21',15,NULL,'Fibre',NULL,1,'21',11,NULL),(684,22,'22',15,NULL,'Fibre',NULL,1,'22',23,NULL),(685,23,'23',15,NULL,'Fibre',NULL,1,'23',12,NULL),(686,24,'24',15,NULL,'Fibre',NULL,1,'24',24,NULL),(687,1,'1',16,NULL,'RJ45',NULL,1,'1',1,NULL),(688,2,'2',16,NULL,'RJ45',NULL,1,'2',2,NULL),(689,3,'3',16,NULL,'RJ45',NULL,1,'3',3,NULL),(690,4,'4',16,NULL,'RJ45',NULL,1,'4',4,NULL),(691,5,'5',16,NULL,'RJ45',NULL,1,'5',5,NULL),(692,6,'6',16,NULL,'RJ45',NULL,1,'6',6,NULL),(693,7,'7',16,NULL,'RJ45',NULL,1,'7',7,NULL),(694,8,'8',16,NULL,'RJ45',NULL,1,'8',8,NULL),(695,9,'9',16,NULL,'RJ45',NULL,1,'9',9,NULL),(696,10,'10',16,NULL,'RJ45',NULL,1,'10',10,NULL),(697,11,'11',16,NULL,'RJ45',NULL,1,'11',11,NULL),(698,12,'12',16,NULL,'RJ45',NULL,1,'12',12,NULL),(699,13,'13',16,NULL,'RJ45',NULL,1,'13',13,NULL),(700,14,'14',16,NULL,'RJ45',NULL,1,'14',14,NULL),(701,15,'15',16,NULL,'RJ45',NULL,1,'15',15,NULL),(702,16,'16',16,NULL,'RJ45',NULL,1,'16',16,NULL),(703,17,'17',16,NULL,'RJ45',NULL,1,'17',17,NULL),(704,18,'18',16,NULL,'RJ45',NULL,1,'18',18,NULL),(705,19,'19',16,NULL,'RJ45',NULL,1,'19',19,NULL),(706,20,'20',16,NULL,'RJ45',NULL,1,'20',20,NULL),(707,21,'21',16,NULL,'RJ45',NULL,1,'21',21,NULL),(708,22,'22',16,NULL,'RJ45',NULL,1,'22',22,NULL),(709,23,'23',16,NULL,'RJ45',NULL,1,'23',23,NULL),(710,24,'24',16,NULL,'RJ45',NULL,1,'24',24,NULL),(711,25,'25',16,NULL,'RJ45',NULL,1,'25',25,NULL),(712,26,'26',16,NULL,'RJ45',NULL,1,'26',26,NULL),(713,27,'27',16,NULL,'RJ45',NULL,1,'27',27,NULL),(714,28,'28',16,NULL,'RJ45',NULL,1,'28',28,NULL),(715,29,'29',16,NULL,'RJ45',NULL,1,'29',29,NULL),(716,30,'30',16,NULL,'RJ45',NULL,1,'30',30,NULL),(717,31,'31',16,NULL,'RJ45',NULL,1,'31',31,NULL),(718,32,'32',16,NULL,'RJ45',NULL,1,'32',32,NULL),(719,33,'33',16,NULL,'RJ45',NULL,1,'33',33,NULL),(720,34,'34',16,NULL,'RJ45',NULL,1,'34',34,NULL),(721,35,'35',16,NULL,'RJ45',NULL,1,'35',35,NULL),(722,36,'36',16,NULL,'RJ45',NULL,1,'36',36,NULL),(723,37,'37',16,NULL,'RJ45',NULL,1,'37',37,NULL),(724,38,'38',16,NULL,'RJ45',NULL,1,'38',38,NULL),(725,39,'39',16,NULL,'RJ45',NULL,1,'39',39,NULL),(726,40,'40',16,NULL,'RJ45',NULL,1,'40',40,NULL),(727,41,'41',16,NULL,'RJ45',NULL,1,'41',41,NULL),(728,42,'42',16,NULL,'RJ45',NULL,1,'42',42,NULL),(729,43,'43',16,NULL,'RJ45',NULL,1,'43',43,NULL),(730,44,'44',16,NULL,'RJ45',NULL,1,'44',44,NULL),(731,45,'45',16,NULL,'RJ45',NULL,1,'45',45,NULL),(732,46,'46',16,NULL,'RJ45',NULL,1,'46',46,NULL),(733,47,'47',16,NULL,'RJ45',NULL,1,'47',47,NULL),(734,48,'48',16,NULL,'RJ45',NULL,1,'48',48,NULL),(735,1,'1',17,NULL,'RJ45',NULL,1,'1',1,NULL),(736,2,'2',17,NULL,'RJ45',NULL,1,'2',2,NULL),(737,3,'3',17,NULL,'RJ45',NULL,1,'3',3,NULL),(738,4,'4',17,NULL,'RJ45',NULL,1,'4',4,NULL),(739,5,'5',17,NULL,'RJ45',NULL,1,'5',5,NULL),(740,6,'6',17,NULL,'RJ45',NULL,1,'6',6,NULL),(741,7,'7',17,NULL,'RJ45',NULL,1,'7',7,NULL),(742,8,'8',17,NULL,'RJ45',NULL,1,'8',8,NULL),(743,9,'9',17,NULL,'RJ45',NULL,1,'9',9,NULL),(744,10,'10',17,NULL,'RJ45',NULL,1,'10',10,NULL),(745,11,'11',17,NULL,'RJ45',NULL,1,'11',11,NULL),(746,12,'12',17,NULL,'RJ45',NULL,1,'12',12,NULL),(747,13,'13',17,NULL,'RJ45',NULL,1,'13',13,NULL),(748,14,'14',17,NULL,'RJ45',NULL,1,'14',14,NULL),(749,15,'15',17,NULL,'RJ45',NULL,1,'15',15,NULL),(750,16,'16',17,NULL,'RJ45',NULL,1,'16',16,NULL),(751,17,'17',17,NULL,'RJ45',NULL,1,'17',17,NULL),(752,18,'18',17,NULL,'RJ45',NULL,1,'18',18,NULL),(753,19,'19',17,NULL,'RJ45',NULL,1,'19',19,NULL),(754,20,'20',17,NULL,'RJ45',NULL,1,'20',20,NULL),(755,1,'1',18,NULL,'RJ45',NULL,1,'1',1,NULL),(756,2,'2',18,NULL,'RJ45',NULL,1,'2',2,NULL),(757,3,'3',18,NULL,'RJ45',NULL,1,'3',3,NULL),(758,4,'4',18,NULL,'RJ45',NULL,1,'4',4,NULL),(759,5,'5',18,NULL,'RJ45',NULL,1,'5',5,NULL),(760,6,'6',18,NULL,'RJ45',NULL,1,'6',6,NULL),(761,7,'7',18,NULL,'RJ45',NULL,1,'7',7,NULL),(762,8,'8',18,NULL,'RJ45',NULL,1,'8',8,NULL),(763,9,'9',18,NULL,'RJ45',NULL,1,'9',9,NULL),(764,10,'10',18,NULL,'RJ45',NULL,1,'10',10,NULL),(765,11,'11',18,NULL,'RJ45',NULL,1,'11',11,NULL),(766,12,'12',18,NULL,'RJ45',NULL,1,'12',12,NULL),(767,13,'13',18,NULL,'RJ45',NULL,1,'13',13,NULL),(768,14,'14',18,NULL,'RJ45',NULL,1,'14',14,NULL),(769,15,'15',18,NULL,'RJ45',NULL,1,'15',15,NULL),(770,16,'16',18,NULL,'RJ45',NULL,1,'16',16,NULL),(771,17,'17',18,NULL,'RJ45',NULL,1,'17',17,NULL),(772,18,'18',18,NULL,'RJ45',NULL,1,'18',18,NULL),(773,19,'19',18,NULL,'RJ45',NULL,1,'19',19,NULL),(774,20,'20',18,NULL,'RJ45',NULL,1,'20',20,NULL),(775,21,'21',18,NULL,'RJ45',NULL,1,'21',21,NULL),(776,22,'22',18,NULL,'RJ45',NULL,1,'22',22,NULL),(777,23,'23',18,NULL,'RJ45',NULL,1,'23',23,NULL),(778,24,'24',18,NULL,'RJ45',NULL,1,'24',24,NULL),(779,25,'25',18,NULL,'RJ45',NULL,1,'25',25,NULL),(780,1,'1',19,NULL,'RJ45',NULL,1,'1',1,NULL),(781,2,'2',19,NULL,'RJ45',NULL,1,'2',2,NULL),(782,3,'3',19,NULL,'RJ45',NULL,1,'3',3,NULL),(783,4,'4',19,NULL,'RJ45',NULL,1,'4',4,NULL),(784,5,'5',19,NULL,'RJ45',NULL,1,'5',5,NULL),(785,6,'6',19,NULL,'RJ45',NULL,1,'6',6,NULL),(786,7,'7',19,NULL,'RJ45',NULL,1,'7',7,NULL),(787,8,'8',19,NULL,'RJ45',NULL,1,'8',8,NULL),(788,9,'9',19,NULL,'RJ45',NULL,1,'9',9,NULL),(789,10,'10',19,NULL,'RJ45',NULL,1,'10',10,NULL),(790,11,'11',19,NULL,'RJ45',NULL,1,'11',11,NULL),(791,12,'12',19,NULL,'RJ45',NULL,1,'12',12,NULL),(792,13,'13',19,NULL,'RJ45',NULL,1,'13',13,NULL),(793,14,'14',19,NULL,'RJ45',NULL,1,'14',14,NULL),(794,15,'15',19,NULL,'RJ45',NULL,1,'15',15,NULL),(795,16,'16',19,NULL,'RJ45',NULL,1,'16',16,NULL),(796,17,'17',19,NULL,'RJ45',NULL,1,'17',17,NULL),(797,18,'18',19,NULL,'RJ45',NULL,1,'18',18,NULL),(798,19,'19',19,NULL,'RJ45',NULL,1,'19',19,NULL),(799,20,'20',19,NULL,'RJ45',NULL,1,'20',20,NULL),(800,21,'21',19,NULL,'RJ45',NULL,1,'21',21,NULL),(801,22,'22',19,NULL,'RJ45',NULL,1,'22',22,NULL),(802,23,'23',19,NULL,'RJ45',NULL,1,'23',23,NULL),(803,24,'24',19,NULL,'RJ45',NULL,1,'24',24,NULL),(804,25,'25',19,NULL,'RJ45',NULL,1,'25',25,NULL),(805,1,'1',20,NULL,'RJ45',NULL,1,'1',1,NULL),(806,2,'2',20,NULL,'RJ45',NULL,1,'2',2,NULL),(807,3,'3',20,NULL,'RJ45',NULL,1,'3',3,NULL),(808,4,'4',20,NULL,'RJ45',NULL,1,'4',4,NULL),(809,5,'5',20,NULL,'RJ45',NULL,1,'5',5,NULL),(810,6,'6',20,NULL,'RJ45',NULL,1,'6',6,NULL),(811,7,'7',20,NULL,'RJ45',NULL,1,'7',7,NULL),(812,8,'8',20,NULL,'RJ45',NULL,1,'8',8,NULL),(813,9,'9',20,NULL,'RJ45',NULL,1,'9',9,NULL),(814,10,'10',20,NULL,'RJ45',NULL,1,'10',10,NULL),(815,11,'11',20,NULL,'RJ45',NULL,1,'11',11,NULL),(816,12,'12',20,NULL,'RJ45',NULL,1,'12',12,NULL),(817,13,'13',20,NULL,'RJ45',NULL,1,'13',13,NULL),(818,14,'14',20,NULL,'RJ45',NULL,1,'14',14,NULL),(819,15,'15',20,NULL,'RJ45',NULL,1,'15',15,NULL),(820,16,'16',20,NULL,'RJ45',NULL,1,'16',16,NULL),(821,17,'17',20,NULL,'RJ45',NULL,1,'17',17,NULL),(822,18,'18',20,NULL,'RJ45',NULL,1,'18',18,NULL),(823,19,'19',20,NULL,'RJ45',NULL,1,'19',19,NULL),(824,20,'20',20,NULL,'RJ45',NULL,1,'20',20,NULL),(825,21,'21',20,NULL,'RJ45',NULL,1,'21',21,NULL),(826,22,'22',20,NULL,'RJ45',NULL,1,'22',22,NULL),(827,23,'23',20,NULL,'RJ45',NULL,1,'23',23,NULL),(828,24,'24',20,NULL,'RJ45',NULL,1,'24',24,NULL),(829,25,'25',20,NULL,'RJ45',NULL,1,'25',25,NULL),(830,26,'26',20,NULL,'RJ45',NULL,1,'26',26,NULL),(831,27,'27',20,NULL,'RJ45',NULL,1,'27',27,NULL),(832,28,'28',20,NULL,'RJ45',NULL,1,'28',28,NULL),(833,29,'29',20,NULL,'RJ45',NULL,1,'29',29,NULL),(834,30,'30',20,NULL,'RJ45',NULL,1,'30',30,NULL),(835,31,'31',20,NULL,'RJ45',NULL,1,'31',31,NULL),(836,32,'32',20,NULL,'RJ45',NULL,1,'32',32,NULL),(837,33,'33',20,NULL,'RJ45',NULL,1,'33',33,NULL),(838,34,'34',20,NULL,'RJ45',NULL,1,'34',34,NULL),(839,35,'35',20,NULL,'RJ45',NULL,1,'35',35,NULL),(840,36,'36',20,NULL,'RJ45',NULL,1,'36',36,NULL),(841,37,'37',20,NULL,'RJ45',NULL,1,'37',37,NULL),(842,38,'38',20,NULL,'RJ45',NULL,1,'38',38,NULL),(843,39,'39',20,NULL,'RJ45',NULL,1,'39',39,NULL),(844,40,'40',20,NULL,'RJ45',NULL,1,'40',40,NULL),(845,41,'41',20,NULL,'RJ45',NULL,1,'41',41,NULL),(846,42,'42',20,NULL,'RJ45',NULL,1,'42',42,NULL),(847,43,'43',20,NULL,'RJ45',NULL,1,'43',43,NULL),(848,44,'44',20,NULL,'RJ45',NULL,1,'44',44,NULL),(849,45,'45',20,NULL,'RJ45',NULL,1,'45',45,NULL),(850,46,'46',20,NULL,'RJ45',NULL,1,'46',46,NULL),(851,47,'47',20,NULL,'RJ45',NULL,1,'47',47,NULL),(852,48,'48',20,NULL,'RJ45',NULL,1,'48',48,NULL),(853,49,'49',20,NULL,'RJ45',NULL,1,'49',49,NULL),(854,50,'50',20,NULL,'RJ45',NULL,1,'50',50,NULL),(855,51,'51',20,NULL,'RJ45',NULL,1,'51',51,NULL),(856,52,'52',20,NULL,'RJ45',NULL,1,'52',52,NULL),(857,53,'53',20,NULL,'RJ45',NULL,1,'53',53,NULL),(858,54,'54',20,NULL,'RJ45',NULL,1,'54',54,NULL),(859,55,'55',20,NULL,'RJ45',NULL,1,'55',55,NULL),(860,56,'56',20,NULL,'RJ45',NULL,1,'56',56,NULL),(861,57,'57',20,NULL,'RJ45',NULL,1,'57',57,NULL),(862,58,'58',20,NULL,'RJ45',NULL,1,'58',58,NULL),(863,59,'59',20,NULL,'RJ45',NULL,1,'59',59,NULL),(864,60,'60',20,NULL,'RJ45',NULL,1,'60',60,NULL),(865,0,'0',21,NULL,'RJ45',NULL,1,'0',0,NULL),(866,1,'1',21,NULL,'RJ45',NULL,1,'1',1,NULL),(867,2,'2',21,NULL,'RJ45',NULL,1,'2',2,NULL),(868,3,'3',21,NULL,'RJ45',NULL,1,'3',3,NULL),(869,4,'4',21,NULL,'RJ45',NULL,1,'4',4,NULL),(870,5,'5',21,NULL,'RJ45',NULL,1,'5',5,NULL),(871,6,'6',21,NULL,'RJ45',NULL,1,'6',6,NULL),(872,7,'7',21,NULL,'RJ45',NULL,1,'7',7,NULL),(873,8,'8',21,NULL,'RJ45',NULL,1,'8',8,NULL),(874,9,'9',21,NULL,'RJ45',NULL,1,'9',9,NULL),(875,10,'10',21,NULL,'RJ45',NULL,1,'10',10,NULL),(876,11,'11',21,NULL,'RJ45',NULL,1,'11',11,NULL),(877,12,'12',21,NULL,'RJ45',NULL,1,'12',12,NULL),(878,13,'13',21,NULL,'RJ45',NULL,1,'13',13,NULL),(879,14,'14',21,NULL,'RJ45',NULL,1,'14',14,NULL),(880,15,'15',21,NULL,'RJ45',NULL,1,'15',15,NULL),(881,16,'16',21,NULL,'RJ45',NULL,1,'16',16,NULL),(882,17,'17',21,NULL,'RJ45',NULL,1,'17',17,NULL),(883,18,'18',21,NULL,'RJ45',NULL,1,'18',18,NULL),(884,19,'19',21,NULL,'RJ45',NULL,1,'19',19,NULL),(885,20,'20',21,NULL,'RJ45',NULL,1,'20',20,NULL),(886,21,'21',21,NULL,'RJ45',NULL,1,'21',21,NULL),(887,22,'22',21,NULL,'RJ45',NULL,1,'22',22,NULL),(888,23,'23',21,NULL,'RJ45',NULL,1,'23',23,NULL),(889,24,'24',21,NULL,'RJ45',NULL,1,'24',24,NULL),(890,0,'0',22,NULL,'RJ45',NULL,1,'0',0,NULL),(891,1,'1',22,NULL,'RJ45',NULL,1,'1',1,NULL),(892,2,'2',22,NULL,'RJ45',NULL,1,'2',2,NULL),(893,3,'3',22,NULL,'RJ45',NULL,1,'3',3,NULL),(894,4,'4',22,NULL,'RJ45',NULL,1,'4',4,NULL),(895,5,'5',22,NULL,'RJ45',NULL,1,'5',5,NULL),(896,6,'6',22,NULL,'RJ45',NULL,1,'6',6,NULL),(897,7,'7',22,NULL,'RJ45',NULL,1,'7',7,NULL),(898,8,'8',22,NULL,'RJ45',NULL,1,'8',8,NULL),(899,9,'9',22,NULL,'RJ45',NULL,1,'9',9,NULL),(900,10,'10',22,NULL,'RJ45',NULL,1,'10',10,NULL),(901,11,'11',22,NULL,'RJ45',NULL,1,'11',11,NULL),(902,12,'12',22,NULL,'RJ45',NULL,1,'12',12,NULL),(903,13,'13',22,NULL,'RJ45',NULL,1,'13',13,NULL),(904,14,'14',22,NULL,'RJ45',NULL,1,'14',14,NULL),(905,15,'15',22,NULL,'RJ45',NULL,1,'15',15,NULL),(906,16,'16',22,NULL,'RJ45',NULL,1,'16',16,NULL),(907,17,'17',22,NULL,'RJ45',NULL,1,'17',17,NULL),(908,18,'18',22,NULL,'RJ45',NULL,1,'18',18,NULL),(909,19,'19',22,NULL,'RJ45',NULL,1,'19',19,NULL),(910,20,'20',22,NULL,'RJ45',NULL,1,'20',20,NULL),(911,21,'21',22,NULL,'RJ45',NULL,1,'21',21,NULL),(912,22,'22',22,NULL,'RJ45',NULL,1,'22',22,NULL),(913,23,'23',22,NULL,'RJ45',NULL,1,'23',23,NULL),(914,24,'24',22,NULL,'RJ45',NULL,1,'24',24,NULL),(915,0,'0',23,NULL,'RJ45',NULL,1,'0',0,NULL),(916,1,'1',23,NULL,'RJ45',NULL,1,'1',1,NULL),(917,2,'2',23,NULL,'RJ45',NULL,1,'2',2,NULL),(918,3,'3',23,NULL,'RJ45',NULL,1,'3',3,NULL),(919,4,'4',23,NULL,'RJ45',NULL,1,'4',4,NULL),(920,5,'5',23,NULL,'RJ45',NULL,1,'5',5,NULL),(921,6,'6',23,NULL,'RJ45',NULL,1,'6',6,NULL),(922,7,'7',23,NULL,'RJ45',NULL,1,'7',7,NULL),(923,8,'8',23,NULL,'RJ45',NULL,1,'8',8,NULL),(924,9,'9',23,NULL,'RJ45',NULL,1,'9',9,NULL),(925,10,'10',23,NULL,'RJ45',NULL,1,'10',10,NULL),(926,11,'11',23,NULL,'RJ45',NULL,1,'11',11,NULL),(927,12,'12',23,NULL,'RJ45',NULL,1,'12',12,NULL),(928,13,'13',23,NULL,'RJ45',NULL,1,'13',13,NULL),(929,14,'14',23,NULL,'RJ45',NULL,1,'14',14,NULL),(930,15,'15',23,NULL,'RJ45',NULL,1,'15',15,NULL),(931,16,'16',23,NULL,'RJ45',NULL,1,'16',16,NULL),(932,17,'17',23,NULL,'RJ45',NULL,1,'17',17,NULL),(933,18,'18',23,NULL,'RJ45',NULL,1,'18',18,NULL),(934,19,'19',23,NULL,'RJ45',NULL,1,'19',19,NULL),(935,20,'20',23,NULL,'RJ45',NULL,1,'20',20,NULL),(936,21,'21',23,NULL,'RJ45',NULL,1,'21',21,NULL),(937,22,'22',23,NULL,'RJ45',NULL,1,'22',22,NULL),(938,23,'23',23,NULL,'RJ45',NULL,1,'23',23,NULL),(939,24,'24',23,NULL,'RJ45',NULL,1,'24',24,NULL),(940,25,'25',23,NULL,'RJ45',NULL,1,'25',25,NULL),(941,26,'26',23,NULL,'RJ45',NULL,1,'26',26,NULL),(942,27,'27',23,NULL,'RJ45',NULL,1,'27',27,NULL),(943,28,'28',23,NULL,'RJ45',NULL,1,'28',28,NULL),(944,29,'29',23,NULL,'RJ45',NULL,1,'29',29,NULL),(945,30,'30',23,NULL,'RJ45',NULL,1,'30',30,NULL),(946,31,'31',23,NULL,'RJ45',NULL,1,'31',31,NULL),(947,32,'32',23,NULL,'RJ45',NULL,1,'32',32,NULL),(948,33,'33',23,NULL,'RJ45',NULL,1,'33',33,NULL),(949,34,'34',23,NULL,'RJ45',NULL,1,'34',34,NULL),(950,35,'35',23,NULL,'RJ45',NULL,1,'35',35,NULL),(951,36,'36',23,NULL,'RJ45',NULL,1,'36',36,NULL),(952,37,'37',23,NULL,'RJ45',NULL,1,'37',37,NULL),(953,38,'38',23,NULL,'RJ45',NULL,1,'38',38,NULL),(954,39,'39',23,NULL,'RJ45',NULL,1,'39',39,NULL),(955,40,'40',23,NULL,'RJ45',NULL,1,'40',40,NULL),(956,41,'41',23,NULL,'RJ45',NULL,1,'41',41,NULL),(957,42,'42',23,NULL,'RJ45',NULL,1,'42',42,NULL),(958,43,'43',23,NULL,'RJ45',NULL,1,'43',43,NULL),(959,44,'44',23,NULL,'RJ45',NULL,1,'44',44,NULL),(960,45,'45',23,NULL,'RJ45',NULL,1,'45',45,NULL),(961,46,'46',23,NULL,'RJ45',NULL,1,'46',46,NULL),(962,47,'47',23,NULL,'RJ45',NULL,1,'47',47,NULL),(963,48,'48',23,NULL,'RJ45',NULL,1,'48',48,NULL),(964,49,'49',23,NULL,'RJ45',NULL,1,'49',49,NULL),(965,1,'1',24,NULL,'RJ45',NULL,1,'1',1,NULL),(966,2,'2',24,NULL,'RJ45',NULL,1,'2',2,NULL),(967,3,'3',24,NULL,'RJ45',NULL,1,'3',3,NULL),(968,4,'4',24,NULL,'RJ45',NULL,1,'4',4,NULL),(969,5,'5',24,NULL,'RJ45',NULL,1,'5',5,NULL),(970,6,'6',24,NULL,'RJ45',NULL,1,'6',6,NULL),(971,7,'7',24,NULL,'RJ45',NULL,1,'7',7,NULL),(972,8,'8',24,NULL,'RJ45',NULL,1,'8',8,NULL),(973,9,'9',24,NULL,'RJ45',NULL,1,'9',9,NULL),(974,10,'10',24,NULL,'RJ45',NULL,1,'10',10,NULL),(975,11,'11',24,NULL,'RJ45',NULL,1,'11',11,NULL),(976,12,'12',24,NULL,'RJ45',NULL,1,'12',12,NULL),(977,13,'13',24,NULL,'RJ45',NULL,1,'13',13,NULL),(978,14,'14',24,NULL,'RJ45',NULL,1,'14',14,NULL),(979,15,'15',24,NULL,'RJ45',NULL,1,'15',15,NULL),(980,16,'16',24,NULL,'RJ45',NULL,1,'16',16,NULL),(981,17,'17',24,NULL,'RJ45',NULL,1,'17',17,NULL),(982,18,'18',24,NULL,'RJ45',NULL,1,'18',18,NULL),(983,19,'19',24,NULL,'RJ45',NULL,1,'19',19,NULL),(984,20,'20',24,NULL,'RJ45',NULL,1,'20',20,NULL),(985,21,'21',24,NULL,'RJ45',NULL,1,'21',21,NULL),(986,22,'22',24,NULL,'RJ45',NULL,1,'22',22,NULL),(987,23,'23',24,NULL,'RJ45',NULL,1,'23',23,NULL),(988,24,'24',24,NULL,'RJ45',NULL,1,'24',24,NULL),(989,25,'25',24,NULL,'RJ45',NULL,1,'25',25,NULL),(990,1,'1',25,NULL,'RJ45',NULL,1,'1',1,NULL),(991,2,'2',25,NULL,'RJ45',NULL,1,'2',2,NULL),(992,3,'3',25,NULL,'RJ45',NULL,1,'3',3,NULL),(993,4,'4',25,NULL,'RJ45',NULL,1,'4',4,NULL),(994,5,'5',25,NULL,'RJ45',NULL,1,'5',5,NULL),(995,6,'6',25,NULL,'RJ45',NULL,1,'6',6,NULL),(996,7,'7',25,NULL,'RJ45',NULL,1,'7',7,NULL),(997,8,'8',25,NULL,'RJ45',NULL,1,'8',8,NULL),(998,9,'9',25,NULL,'RJ45',NULL,1,'9',9,NULL),(999,10,'10',25,NULL,'RJ45',NULL,1,'10',10,NULL),(1000,11,'11',25,NULL,'RJ45',NULL,1,'11',11,NULL),(1001,12,'12',25,NULL,'RJ45',NULL,1,'12',12,NULL),(1002,13,'13',25,NULL,'RJ45',NULL,1,'13',13,NULL),(1003,14,'14',25,NULL,'RJ45',NULL,1,'14',14,NULL),(1004,15,'15',25,NULL,'RJ45',NULL,1,'15',15,NULL),(1005,16,'16',25,NULL,'RJ45',NULL,1,'16',16,NULL),(1006,17,'17',25,NULL,'RJ45',NULL,1,'17',17,NULL),(1007,18,'18',25,NULL,'RJ45',NULL,1,'18',18,NULL),(1008,19,'19',25,NULL,'RJ45',NULL,1,'19',19,NULL),(1009,20,'20',25,NULL,'RJ45',NULL,1,'20',20,NULL),(1010,21,'21',25,NULL,'RJ45',NULL,1,'21',21,NULL),(1011,22,'22',25,NULL,'RJ45',NULL,1,'22',22,NULL),(1012,23,'23',25,NULL,'RJ45',NULL,1,'23',23,NULL),(1013,24,'24',25,NULL,'RJ45',NULL,1,'24',24,NULL),(1014,25,'25',25,NULL,'RJ45',NULL,1,'25',25,NULL),(1015,26,'26',25,NULL,'RJ45',NULL,1,'26',26,NULL),(1016,27,'27',25,NULL,'RJ45',NULL,1,'27',27,NULL),(1017,28,'28',25,NULL,'RJ45',NULL,1,'28',28,NULL),(1018,29,'29',25,NULL,'RJ45',NULL,1,'29',29,NULL),(1019,30,'30',25,NULL,'RJ45',NULL,1,'30',30,NULL),(1020,31,'31',25,NULL,'RJ45',NULL,1,'31',31,NULL),(1021,32,'32',25,NULL,'RJ45',NULL,1,'32',32,NULL),(1022,33,'33',25,NULL,'RJ45',NULL,1,'33',33,NULL),(1023,34,'34',25,NULL,'RJ45',NULL,1,'34',34,NULL),(1024,35,'35',25,NULL,'RJ45',NULL,1,'35',35,NULL),(1025,36,'36',25,NULL,'RJ45',NULL,1,'36',36,NULL),(1026,37,'37',25,NULL,'RJ45',NULL,1,'37',37,NULL),(1027,38,'38',25,NULL,'RJ45',NULL,1,'38',38,NULL),(1028,39,'39',25,NULL,'RJ45',NULL,1,'39',39,NULL),(1029,40,'40',25,NULL,'RJ45',NULL,1,'40',40,NULL),(1030,41,'41',25,NULL,'RJ45',NULL,1,'41',41,NULL),(1031,42,'42',25,NULL,'RJ45',NULL,1,'42',42,NULL),(1032,43,'43',25,NULL,'RJ45',NULL,1,'43',43,NULL),(1033,44,'44',25,NULL,'RJ45',NULL,1,'44',44,NULL),(1034,45,'45',25,NULL,'RJ45',NULL,1,'45',45,NULL),(1035,46,'46',25,NULL,'RJ45',NULL,1,'46',46,NULL),(1036,47,'47',25,NULL,'RJ45',NULL,1,'47',47,NULL),(1037,48,'48',25,NULL,'RJ45',NULL,1,'48',48,NULL),(1038,49,'49',25,NULL,'RJ45',NULL,1,'49',49,NULL),(1039,50,'50',25,NULL,'RJ45',NULL,1,'50',50,NULL),(1040,51,'51',25,NULL,'RJ45',NULL,1,'51',51,NULL),(1041,52,'52',25,NULL,'RJ45',NULL,1,'52',52,NULL),(1042,53,'53',25,NULL,'RJ45',NULL,1,'53',53,NULL),(1043,54,'54',25,NULL,'RJ45',NULL,1,'54',54,NULL),(1044,55,'55',25,NULL,'RJ45',NULL,1,'55',55,NULL),(1045,56,'56',25,NULL,'RJ45',NULL,1,'56',56,NULL),(1046,1,'1',26,NULL,'RJ45',NULL,1,'1',1,NULL),(1047,2,'2',26,NULL,'RJ45',NULL,1,'2',2,NULL),(1048,3,'3',26,NULL,'RJ45',NULL,1,'3',3,NULL),(1049,4,'4',26,NULL,'RJ45',NULL,1,'4',4,NULL),(1050,5,'5',26,NULL,'RJ45',NULL,1,'5',5,NULL),(1051,6,'6',26,NULL,'RJ45',NULL,1,'6',6,NULL),(1052,7,'7',26,NULL,'RJ45',NULL,1,'7',7,NULL),(1053,8,'8',26,NULL,'RJ45',NULL,1,'8',8,NULL),(1054,9,'9',26,NULL,'RJ45',NULL,1,'9',9,NULL),(1055,10,'10',26,NULL,'RJ45',NULL,1,'10',10,NULL),(1056,11,'11',26,NULL,'RJ45',NULL,1,'11',11,NULL),(1057,12,'12',26,NULL,'RJ45',NULL,1,'12',12,NULL),(1058,13,'13',26,NULL,'RJ45',NULL,1,'13',13,NULL),(1059,14,'14',26,NULL,'RJ45',NULL,1,'14',14,NULL),(1060,15,'15',26,NULL,'RJ45',NULL,1,'15',15,NULL),(1061,16,'16',26,NULL,'RJ45',NULL,1,'16',16,NULL),(1062,17,'17',26,NULL,'RJ45',NULL,1,'17',17,NULL),(1063,18,'18',26,NULL,'RJ45',NULL,1,'18',18,NULL),(1064,19,'19',26,NULL,'RJ45',NULL,1,'19',19,NULL),(1065,20,'20',26,NULL,'RJ45',NULL,1,'20',20,NULL),(1066,21,'21',26,NULL,'RJ45',NULL,1,'21',21,NULL),(1067,22,'22',26,NULL,'RJ45',NULL,1,'22',22,NULL),(1068,23,'23',26,NULL,'RJ45',NULL,1,'23',23,NULL),(1069,24,'24',26,NULL,'RJ45',NULL,1,'24',24,NULL),(1070,25,'25',26,NULL,'RJ45',NULL,1,'25',25,NULL),(1071,1,'1',27,NULL,'RJ45',NULL,1,'1',1,NULL),(1072,2,'2',27,NULL,'RJ45',NULL,1,'2',2,NULL),(1073,3,'3',27,NULL,'RJ45',NULL,1,'3',3,NULL),(1074,4,'4',27,NULL,'RJ45',NULL,1,'4',4,NULL),(1075,5,'5',27,NULL,'RJ45',NULL,1,'5',5,NULL),(1076,6,'6',27,NULL,'RJ45',NULL,1,'6',6,NULL),(1077,7,'7',27,NULL,'RJ45',NULL,1,'7',7,NULL),(1078,8,'8',27,NULL,'RJ45',NULL,1,'8',8,NULL),(1079,9,'9',27,NULL,'RJ45',NULL,1,'9',9,NULL),(1080,10,'10',27,NULL,'RJ45',NULL,1,'10',10,NULL),(1081,11,'11',27,NULL,'RJ45',NULL,1,'11',11,NULL),(1082,12,'12',27,NULL,'RJ45',NULL,1,'12',12,NULL),(1083,13,'13',27,NULL,'RJ45',NULL,1,'13',13,NULL),(1084,14,'14',27,NULL,'RJ45',NULL,1,'14',14,NULL),(1085,15,'15',27,NULL,'RJ45',NULL,1,'15',15,NULL),(1086,16,'16',27,NULL,'RJ45',NULL,1,'16',16,NULL),(1087,17,'17',27,NULL,'RJ45',NULL,1,'17',17,NULL),(1088,18,'18',27,NULL,'RJ45',NULL,1,'18',18,NULL),(1089,19,'19',27,NULL,'RJ45',NULL,1,'19',19,NULL),(1090,20,'20',27,NULL,'RJ45',NULL,1,'20',20,NULL),(1091,21,'21',27,NULL,'RJ45',NULL,1,'21',21,NULL),(1092,22,'22',27,NULL,'RJ45',NULL,1,'22',22,NULL),(1093,23,'23',27,NULL,'RJ45',NULL,1,'23',23,NULL),(1094,24,'24',27,NULL,'RJ45',NULL,1,'24',24,NULL),(1095,25,'25',27,NULL,'RJ45',NULL,1,'25',25,NULL),(1096,26,'26',27,NULL,'RJ45',NULL,1,'26',26,NULL),(1097,27,'27',27,NULL,'RJ45',NULL,1,'27',27,NULL),(1098,28,'28',27,NULL,'RJ45',NULL,1,'28',28,NULL),(1099,29,'29',27,NULL,'RJ45',NULL,1,'29',29,NULL),(1100,30,'30',27,NULL,'RJ45',NULL,1,'30',30,NULL),(1101,31,'31',27,NULL,'RJ45',NULL,1,'31',31,NULL),(1102,32,'32',27,NULL,'RJ45',NULL,1,'32',32,NULL),(1103,33,'33',27,NULL,'RJ45',NULL,1,'33',33,NULL),(1104,34,'34',27,NULL,'RJ45',NULL,1,'34',34,NULL),(1105,35,'35',27,NULL,'RJ45',NULL,1,'35',35,NULL),(1106,36,'36',27,NULL,'RJ45',NULL,1,'36',36,NULL),(1107,37,'37',27,NULL,'RJ45',NULL,1,'37',37,NULL),(1108,38,'38',27,NULL,'RJ45',NULL,1,'38',38,NULL),(1109,39,'39',27,NULL,'RJ45',NULL,1,'39',39,NULL),(1110,40,'40',27,NULL,'RJ45',NULL,1,'40',40,NULL),(1111,41,'41',27,NULL,'RJ45',NULL,1,'41',41,NULL),(1112,42,'42',27,NULL,'RJ45',NULL,1,'42',42,NULL),(1113,43,'43',27,NULL,'RJ45',NULL,1,'43',43,NULL),(1114,44,'44',27,NULL,'RJ45',NULL,1,'44',44,NULL),(1115,45,'45',27,NULL,'RJ45',NULL,1,'45',45,NULL),(1116,46,'46',27,NULL,'RJ45',NULL,1,'46',46,NULL),(1117,47,'47',27,NULL,'RJ45',NULL,1,'47',47,NULL),(1118,48,'48',27,NULL,'RJ45',NULL,1,'48',48,NULL),(1119,49,'49',27,NULL,'RJ45',NULL,1,'49',49,NULL),(1120,50,'50',27,NULL,'RJ45',NULL,1,'50',50,NULL),(1121,51,'51',27,NULL,'RJ45',NULL,1,'51',51,NULL),(1122,52,'52',27,NULL,'RJ45',NULL,1,'52',52,NULL),(1123,53,'53',27,NULL,'RJ45',NULL,1,'53',53,NULL),(1124,54,'54',27,NULL,'RJ45',NULL,1,'54',54,NULL),(1125,55,'55',27,NULL,'RJ45',NULL,1,'55',55,NULL),(1126,56,'56',27,NULL,'RJ45',NULL,1,'56',56,NULL),(1127,1,'1',28,NULL,'RJ45',NULL,1,'1',1,NULL),(1128,2,'2',28,NULL,'RJ45',NULL,1,'2',2,NULL),(1129,3,'3',28,NULL,'RJ45',NULL,1,'3',3,NULL),(1130,4,'4',28,NULL,'RJ45',NULL,1,'4',4,NULL),(1131,5,'5',28,NULL,'RJ45',NULL,1,'5',5,NULL),(1132,6,'6',28,NULL,'RJ45',NULL,1,'6',6,NULL),(1133,7,'7',28,NULL,'RJ45',NULL,1,'7',7,NULL),(1134,8,'8',28,NULL,'RJ45',NULL,1,'8',8,NULL),(1135,9,'9',28,NULL,'RJ45',NULL,1,'9',9,NULL),(1136,10,'10',28,NULL,'RJ45',NULL,1,'10',10,NULL),(1137,11,'11',28,NULL,'RJ45',NULL,1,'11',11,NULL),(1138,12,'12',28,NULL,'RJ45',NULL,1,'12',12,NULL),(1139,13,'13',28,NULL,'RJ45',NULL,1,'13',13,NULL),(1140,14,'14',28,NULL,'RJ45',NULL,1,'14',14,NULL),(1141,15,'15',28,NULL,'RJ45',NULL,1,'15',15,NULL),(1142,16,'16',28,NULL,'RJ45',NULL,1,'16',16,NULL),(1143,17,'17',28,NULL,'RJ45',NULL,1,'17',17,NULL),(1144,18,'18',28,NULL,'RJ45',NULL,1,'18',18,NULL),(1145,19,'19',28,NULL,'RJ45',NULL,1,'19',19,NULL),(1146,20,'20',28,NULL,'RJ45',NULL,1,'20',20,NULL),(1147,21,'21',28,NULL,'RJ45',NULL,1,'21',21,NULL),(1148,22,'22',28,NULL,'RJ45',NULL,1,'22',22,NULL),(1149,23,'23',28,NULL,'RJ45',NULL,1,'23',23,NULL),(1150,24,'24',28,NULL,'RJ45',NULL,1,'24',24,NULL),(1151,25,'25',28,NULL,'RJ45',NULL,1,'25',25,NULL),(1152,26,'26',28,NULL,'RJ45',NULL,1,'26',26,NULL),(1153,27,'27',28,NULL,'RJ45',NULL,1,'27',27,NULL),(1154,28,'28',28,NULL,'RJ45',NULL,1,'28',28,NULL),(1155,29,'29',28,NULL,'RJ45',NULL,1,'29',29,NULL),(1156,30,'30',28,NULL,'RJ45',NULL,1,'30',30,NULL),(1157,31,'31',28,NULL,'RJ45',NULL,1,'31',31,NULL),(1158,32,'32',28,NULL,'RJ45',NULL,1,'32',32,NULL),(1159,33,'33',28,NULL,'RJ45',NULL,1,'33',33,NULL),(1160,34,'34',28,NULL,'RJ45',NULL,1,'34',34,NULL),(1161,35,'35',28,NULL,'RJ45',NULL,1,'35',35,NULL),(1162,36,'36',28,NULL,'RJ45',NULL,1,'36',36,NULL),(1163,37,'37',28,NULL,'RJ45',NULL,1,'37',37,NULL),(1164,38,'38',28,NULL,'RJ45',NULL,1,'38',38,NULL),(1165,39,'39',28,NULL,'RJ45',NULL,1,'39',39,NULL),(1166,40,'40',28,NULL,'RJ45',NULL,1,'40',40,NULL),(1167,41,'41',28,NULL,'RJ45',NULL,1,'41',41,NULL),(1168,42,'42',28,NULL,'RJ45',NULL,1,'42',42,NULL),(1169,43,'43',28,NULL,'RJ45',NULL,1,'43',43,NULL),(1170,44,'44',28,NULL,'RJ45',NULL,1,'44',44,NULL),(1171,45,'45',28,NULL,'RJ45',NULL,1,'45',45,NULL),(1172,46,'46',28,NULL,'RJ45',NULL,1,'46',46,NULL),(1173,47,'47',28,NULL,'RJ45',NULL,1,'47',47,NULL),(1174,48,'48',28,NULL,'RJ45',NULL,1,'48',48,NULL),(1175,49,'49',28,NULL,'RJ45',NULL,1,'49',49,NULL),(1176,50,'50',28,NULL,'RJ45',NULL,1,'50',50,NULL),(1350,1,'1',29,NULL,'RJ45',NULL,1,'1',1,NULL),(1351,2,'2',29,NULL,'RJ45',NULL,1,'2',2,NULL),(1352,3,'3',29,NULL,'RJ45',NULL,1,'3',3,NULL),(1353,4,'4',29,NULL,'RJ45',NULL,1,'4',4,NULL),(1354,5,'5',29,NULL,'RJ45',NULL,1,'5',5,NULL),(1355,6,'6',29,NULL,'RJ45',NULL,1,'6',6,NULL),(1356,7,'7',29,NULL,'RJ45',NULL,1,'7',7,NULL),(1357,8,'8',29,NULL,'RJ45',NULL,1,'8',8,NULL),(1358,9,'9',29,NULL,'RJ45',NULL,1,'9',9,NULL),(1359,1,'1',30,NULL,'RJ45',NULL,1,'1',1,NULL),(1360,2,'2',30,NULL,'RJ45',NULL,1,'2',2,NULL),(1361,3,'3',30,NULL,'RJ45',NULL,1,'3',3,NULL),(1362,4,'4',30,NULL,'RJ45',NULL,1,'4',4,NULL),(1363,1,'1',31,NULL,'RJ45',NULL,1,'1',1,NULL),(1364,2,'2',31,NULL,'RJ45',NULL,1,'2',2,NULL),(1365,3,'3',31,NULL,'RJ45',NULL,1,'3',3,NULL),(1366,4,'4',31,NULL,'RJ45',NULL,1,'4',4,NULL),(1367,5,'5',31,NULL,'RJ45',NULL,1,'5',5,NULL),(1368,6,'6',31,NULL,'RJ45',NULL,1,'6',6,NULL),(1369,7,'7',31,NULL,'RJ45',NULL,1,'7',7,NULL),(1370,8,'8',31,NULL,'RJ45',NULL,1,'8',8,NULL),(1371,9,'9',31,NULL,'RJ45',NULL,1,'9',9,NULL),(1372,10,'10',31,NULL,'RJ45',NULL,1,'10',10,NULL),(1373,1,'1',32,NULL,'RJ45',NULL,1,'1',1,NULL),(1374,2,'2',32,NULL,'RJ45',NULL,1,'2',2,NULL),(1375,3,'3',32,NULL,'RJ45',NULL,1,'3',3,NULL),(1376,1,'1',33,NULL,'RJ45',NULL,1,'1',1,NULL),(1377,2,'2',33,NULL,'RJ45',NULL,1,'2',2,NULL),(1378,3,'3',33,NULL,'RJ45',NULL,1,'3',3,NULL),(1379,4,'4',33,NULL,'RJ45',NULL,1,'4',4,NULL),(1380,5,'5',33,NULL,'RJ45',NULL,1,'5',5,NULL),(1381,1,'1',34,NULL,'RJ45',NULL,1,'1',1,NULL),(1382,2,'2',34,NULL,'RJ45',NULL,1,'2',2,NULL),(1383,3,'3',34,NULL,'RJ45',NULL,1,'3',3,NULL),(1384,1,'1',35,NULL,'RJ45',NULL,1,'1',1,NULL),(1385,2,'2',35,NULL,'RJ45',NULL,1,'2',2,NULL),(1386,3,'3',35,NULL,'RJ45',NULL,1,'3',3,NULL),(1387,4,'4',35,NULL,'RJ45',NULL,1,'4',4,NULL),(1388,5,'5',35,NULL,'RJ45',NULL,1,'5',5,NULL),(1389,6,'6',35,NULL,'RJ45',NULL,1,'6',6,NULL),(1390,1,'1',36,NULL,'RJ45',NULL,1,'1',1,NULL),(1391,2,'2',36,NULL,'RJ45',NULL,1,'2',2,NULL),(1392,3,'3',36,NULL,'RJ45',NULL,1,'3',3,NULL),(1393,4,'4',36,NULL,'RJ45',NULL,1,'4',4,NULL),(1394,5,'5',36,NULL,'RJ45',NULL,1,'5',5,NULL),(1395,6,'6',36,NULL,'RJ45',NULL,1,'6',6,NULL),(1396,7,'7',36,NULL,'RJ45',NULL,1,'7',7,NULL),(1397,8,'8',36,NULL,'RJ45',NULL,1,'8',8,NULL),(1398,9,'9',36,NULL,'RJ45',NULL,1,'9',9,NULL),(1399,10,'10',36,NULL,'RJ45',NULL,1,'10',10,NULL),(1400,11,'11',36,NULL,'RJ45',NULL,1,'11',11,NULL),(1401,12,'12',36,NULL,'RJ45',NULL,1,'12',12,NULL),(1402,13,'13',36,NULL,'RJ45',NULL,1,'13',13,NULL),(1403,14,'14',36,NULL,'RJ45',NULL,1,'14',14,NULL),(1404,15,'15',36,NULL,'RJ45',NULL,1,'15',15,NULL),(1405,16,'16',36,NULL,'RJ45',NULL,1,'16',16,NULL),(1406,17,'17',36,NULL,'RJ45',NULL,1,'17',17,NULL),(1407,18,'18',36,NULL,'RJ45',NULL,1,'18',18,NULL),(1408,19,'19',36,NULL,'RJ45',NULL,1,'19',19,NULL),(1409,20,'20',36,NULL,'RJ45',NULL,1,'20',20,NULL),(1410,21,'21',36,NULL,'RJ45',NULL,1,'21',21,NULL),(1411,22,'22',36,NULL,'RJ45',NULL,1,'22',22,NULL),(1412,23,'23',36,NULL,'RJ45',NULL,1,'23',23,NULL),(1413,24,'24',36,NULL,'RJ45',NULL,1,'24',24,NULL),(1414,25,'25',36,NULL,'RJ45',NULL,1,'25',25,NULL),(1415,26,'26',36,NULL,'RJ45',NULL,1,'26',26,NULL),(1416,27,'27',36,NULL,'RJ45',NULL,1,'27',27,NULL),(1417,28,'28',36,NULL,'RJ45',NULL,1,'28',28,NULL),(1418,29,'29',36,NULL,'RJ45',NULL,1,'29',29,NULL),(1419,30,'30',36,NULL,'RJ45',NULL,1,'30',30,NULL),(1420,31,'31',36,NULL,'RJ45',NULL,1,'31',31,NULL),(1421,32,'32',36,NULL,'RJ45',NULL,1,'32',32,NULL),(1422,33,'33',36,NULL,'RJ45',NULL,1,'33',33,NULL),(1423,34,'34',36,NULL,'RJ45',NULL,1,'34',34,NULL),(1424,35,'35',36,NULL,'RJ45',NULL,1,'35',35,NULL),(1425,36,'36',36,NULL,'RJ45',NULL,1,'36',36,NULL),(1426,37,'37',36,NULL,'RJ45',NULL,1,'37',37,NULL),(1427,38,'38',36,NULL,'RJ45',NULL,1,'38',38,NULL),(1428,39,'39',36,NULL,'RJ45',NULL,1,'39',39,NULL),(1429,40,'40',36,NULL,'RJ45',NULL,1,'40',40,NULL),(1430,41,'41',36,NULL,'RJ45',NULL,1,'41',41,NULL),(1431,42,'42',36,NULL,'RJ45',NULL,1,'42',42,NULL),(1432,43,'43',36,NULL,'RJ45',NULL,1,'43',43,NULL),(1433,44,'44',36,NULL,'RJ45',NULL,1,'44',44,NULL),(1434,45,'45',36,NULL,'RJ45',NULL,1,'45',45,NULL),(1435,46,'46',36,NULL,'RJ45',NULL,1,'46',46,NULL),(1436,47,'47',36,NULL,'RJ45',NULL,1,'47',47,NULL),(1437,48,'48',36,NULL,'RJ45',NULL,1,'48',48,NULL),(1438,1,'1',37,NULL,'RJ45',NULL,1,'1',1,NULL),(1439,2,'2',37,NULL,'RJ45',NULL,1,'2',2,NULL),(1440,3,'3',37,NULL,'RJ45',NULL,1,'3',3,NULL),(1441,4,'4',37,NULL,'RJ45',NULL,1,'4',4,NULL),(1442,5,'5',37,NULL,'RJ45',NULL,1,'5',5,NULL),(1443,6,'6',37,NULL,'RJ45',NULL,1,'6',6,NULL),(1444,7,'7',37,NULL,'RJ45',NULL,1,'7',7,NULL),(1445,8,'8',37,NULL,'RJ45',NULL,1,'8',8,NULL),(1446,9,'9',37,NULL,'RJ45',NULL,1,'9',9,NULL),(1447,1,'1',38,NULL,'RJ45',NULL,1,'1',1,NULL),(1448,2,'2',38,NULL,'RJ45',NULL,1,'2',2,NULL),(1449,3,'3',38,NULL,'RJ45',NULL,1,'3',3,NULL),(1450,4,'4',38,NULL,'RJ45',NULL,1,'4',4,NULL),(1451,5,'5',38,NULL,'RJ45',NULL,1,'5',5,NULL),(1452,1,'1',39,NULL,'RJ45',NULL,1,'1',1,NULL),(1453,2,'2',39,NULL,'RJ45',NULL,1,'2',2,NULL),(1454,1,'1',40,NULL,'RJ45',NULL,1,'1',1,NULL),(1455,2,'2',40,NULL,'RJ45',NULL,1,'2',2,NULL),(1456,1,'1',41,NULL,'RJ45',NULL,1,'1',1,NULL),(1457,2,'2',41,NULL,'RJ45',NULL,1,'2',2,NULL),(1458,3,'3',41,NULL,'RJ45',NULL,1,'3',3,NULL),(1459,4,'4',41,NULL,'RJ45',NULL,1,'4',4,NULL),(1460,5,'5',41,NULL,'RJ45',NULL,1,'5',5,NULL),(1461,6,'6',41,NULL,'RJ45',NULL,1,'6',6,NULL),(1462,7,'7',41,NULL,'RJ45',NULL,1,'7',7,NULL),(1463,8,'8',41,NULL,'RJ45',NULL,1,'8',8,NULL),(1464,9,'9',41,NULL,'RJ45',NULL,1,'9',9,NULL),(1465,10,'10',41,NULL,'RJ45',NULL,1,'10',10,NULL),(1466,11,'11',41,NULL,'RJ45',NULL,1,'11',11,NULL),(1467,12,'12',41,NULL,'RJ45',NULL,1,'12',12,NULL),(1468,13,'13',41,NULL,'RJ45',NULL,1,'13',13,NULL),(1469,14,'14',41,NULL,'RJ45',NULL,1,'14',14,NULL),(1470,15,'15',41,NULL,'RJ45',NULL,1,'15',15,NULL),(1471,16,'16',41,NULL,'RJ45',NULL,1,'16',16,NULL),(1472,17,'17',41,NULL,'RJ45',NULL,1,'17',17,NULL),(1473,18,'18',41,NULL,'RJ45',NULL,1,'18',18,NULL),(1474,19,'19',41,NULL,'RJ45',NULL,1,'19',19,NULL),(1475,20,'20',41,NULL,'RJ45',NULL,1,'20',20,NULL),(1476,21,'21',41,NULL,'RJ45',NULL,1,'21',21,NULL),(1477,22,'22',41,NULL,'RJ45',NULL,1,'22',22,NULL),(1478,23,'23',41,NULL,'RJ45',NULL,1,'23',23,NULL),(1479,24,'24',41,NULL,'RJ45',NULL,1,'24',24,NULL),(1480,25,'25',41,NULL,'RJ45',NULL,1,'25',25,NULL),(1481,26,'26',41,NULL,'RJ45',NULL,1,'26',26,NULL),(1482,1,'1',42,NULL,'RJ45',NULL,1,'1',1,NULL),(1483,2,'2',42,NULL,'RJ45',NULL,1,'2',2,NULL),(1484,3,'3',42,NULL,'RJ45',NULL,1,'3',3,NULL),(1485,4,'4',42,NULL,'RJ45',NULL,1,'4',4,NULL),(1486,5,'5',42,NULL,'RJ45',NULL,1,'5',5,NULL),(1487,6,'6',42,NULL,'RJ45',NULL,1,'6',6,NULL),(1488,7,'7',42,NULL,'RJ45',NULL,1,'7',7,NULL),(1489,8,'8',42,NULL,'RJ45',NULL,1,'8',8,NULL),(1490,9,'9',42,NULL,'RJ45',NULL,1,'9',9,NULL),(1491,10,'10',42,NULL,'RJ45',NULL,1,'10',10,NULL),(1492,11,'11',42,NULL,'RJ45',NULL,1,'11',11,NULL),(1493,12,'12',42,NULL,'RJ45',NULL,1,'12',12,NULL),(1494,13,'13',42,NULL,'RJ45',NULL,1,'13',13,NULL),(1495,14,'14',42,NULL,'RJ45',NULL,1,'14',14,NULL),(1496,15,'15',42,NULL,'RJ45',NULL,1,'15',15,NULL),(1497,16,'16',42,NULL,'RJ45',NULL,1,'16',16,NULL),(1498,17,'17',42,NULL,'RJ45',NULL,1,'17',17,NULL),(1499,18,'18',42,NULL,'RJ45',NULL,1,'18',18,NULL),(1500,19,'19',42,NULL,'RJ45',NULL,1,'19',19,NULL),(1501,20,'20',42,NULL,'RJ45',NULL,1,'20',20,NULL),(1502,21,'21',42,NULL,'RJ45',NULL,1,'21',21,NULL),(1503,22,'22',42,NULL,'RJ45',NULL,1,'22',22,NULL),(1504,23,'23',42,NULL,'RJ45',NULL,1,'23',23,NULL),(1505,24,'24',42,NULL,'RJ45',NULL,1,'24',24,NULL),(1506,25,'25',42,NULL,'RJ45',NULL,1,'25',25,NULL),(1507,26,'26',42,NULL,'RJ45',NULL,1,'26',26,NULL),(1508,27,'27',42,NULL,'RJ45',NULL,1,'27',27,NULL),(1509,28,'28',42,NULL,'RJ45',NULL,1,'28',28,NULL),(1510,29,'29',42,NULL,'RJ45',NULL,1,'29',29,NULL),(1511,30,'30',42,NULL,'RJ45',NULL,1,'30',30,NULL),(1512,31,'31',42,NULL,'RJ45',NULL,1,'31',31,NULL),(1513,32,'32',42,NULL,'RJ45',NULL,1,'32',32,NULL),(1514,33,'33',42,NULL,'RJ45',NULL,1,'33',33,NULL),(1515,34,'34',42,NULL,'RJ45',NULL,1,'34',34,NULL),(1516,35,'35',42,NULL,'RJ45',NULL,1,'35',35,NULL),(1517,36,'36',42,NULL,'RJ45',NULL,1,'36',36,NULL),(1518,37,'37',42,NULL,'RJ45',NULL,1,'37',37,NULL),(1519,38,'38',42,NULL,'RJ45',NULL,1,'38',38,NULL),(1520,39,'39',42,NULL,'RJ45',NULL,1,'39',39,NULL),(1521,40,'40',42,NULL,'RJ45',NULL,1,'40',40,NULL),(1522,41,'41',42,NULL,'RJ45',NULL,1,'41',41,NULL),(1523,42,'42',42,NULL,'RJ45',NULL,1,'42',42,NULL),(1524,43,'43',42,NULL,'RJ45',NULL,1,'43',43,NULL),(1525,44,'44',42,NULL,'RJ45',NULL,1,'44',44,NULL),(1526,45,'45',42,NULL,'RJ45',NULL,1,'45',45,NULL),(1527,46,'46',42,NULL,'RJ45',NULL,1,'46',46,NULL),(1528,47,'47',42,NULL,'RJ45',NULL,1,'47',47,NULL),(1529,48,'48',42,NULL,'RJ45',NULL,1,'48',48,NULL),(1530,49,'49',42,NULL,'RJ45',NULL,1,'49',49,NULL),(1531,50,'50',42,NULL,'RJ45',NULL,1,'50',50,NULL),(1532,51,'51',42,NULL,'RJ45',NULL,1,'51',51,NULL),(1533,52,'52',42,NULL,'RJ45',NULL,1,'52',52,NULL),(1534,53,'53',42,NULL,'RJ45',NULL,1,'53',53,NULL),(1535,54,'54',42,NULL,'RJ45',NULL,1,'54',54,NULL),(1536,1,'1',43,NULL,'RJ45',NULL,1,'1',1,NULL),(1537,2,'2',43,NULL,'RJ45',NULL,1,'2',2,NULL),(1538,3,'3',43,NULL,'RJ45',NULL,1,'3',3,NULL),(1539,4,'4',43,NULL,'RJ45',NULL,1,'4',4,NULL),(1540,5,'5',43,NULL,'RJ45',NULL,1,'5',5,NULL),(1541,6,'6',43,NULL,'RJ45',NULL,1,'6',6,NULL),(1542,7,'7',43,NULL,'RJ45',NULL,1,'7',7,NULL),(1543,8,'8',43,NULL,'RJ45',NULL,1,'8',8,NULL),(1544,9,'9',43,NULL,'RJ45',NULL,1,'9',9,NULL),(1545,10,'10',43,NULL,'RJ45',NULL,1,'10',10,NULL),(1546,11,'11',43,NULL,'RJ45',NULL,1,'11',11,NULL),(1547,12,'12',43,NULL,'RJ45',NULL,1,'12',12,NULL),(1548,13,'13',43,NULL,'RJ45',NULL,1,'13',13,NULL),(1549,14,'14',43,NULL,'RJ45',NULL,1,'14',14,NULL),(1550,15,'15',43,NULL,'RJ45',NULL,1,'15',15,NULL),(1551,16,'16',43,NULL,'RJ45',NULL,1,'16',16,NULL),(1552,17,'17',43,NULL,'RJ45',NULL,1,'17',17,NULL),(1553,18,'18',43,NULL,'RJ45',NULL,1,'18',18,NULL),(1554,19,'19',43,NULL,'RJ45',NULL,1,'19',19,NULL),(1555,20,'20',43,NULL,'RJ45',NULL,1,'20',20,NULL),(1556,21,'21',43,NULL,'RJ45',NULL,1,'21',21,NULL),(1557,22,'22',43,NULL,'RJ45',NULL,1,'22',22,NULL),(1558,23,'23',43,NULL,'RJ45',NULL,1,'23',23,NULL),(1559,24,'24',43,NULL,'RJ45',NULL,1,'24',24,NULL),(1560,25,'25',43,NULL,'RJ45',NULL,1,'25',25,NULL),(1561,26,'26',43,NULL,'RJ45',NULL,1,'26',26,NULL),(1562,27,'27',43,NULL,'RJ45',NULL,1,'27',27,NULL),(1563,28,'28',43,NULL,'RJ45',NULL,1,'28',28,NULL),(1564,29,'29',43,NULL,'RJ45',NULL,1,'29',29,NULL),(1565,30,'30',43,NULL,'RJ45',NULL,1,'30',30,NULL),(1566,31,'31',43,NULL,'RJ45',NULL,1,'31',31,NULL),(1567,32,'32',43,NULL,'RJ45',NULL,1,'32',32,NULL),(1568,33,'33',43,NULL,'RJ45',NULL,1,'33',33,NULL),(1569,34,'34',43,NULL,'RJ45',NULL,1,'34',34,NULL),(1570,35,'35',43,NULL,'RJ45',NULL,1,'35',35,NULL),(1571,36,'36',43,NULL,'RJ45',NULL,1,'36',36,NULL),(1572,37,'37',43,NULL,'RJ45',NULL,1,'37',37,NULL),(1573,38,'38',43,NULL,'RJ45',NULL,1,'38',38,NULL),(1574,39,'39',43,NULL,'RJ45',NULL,1,'39',39,NULL),(1575,40,'40',43,NULL,'RJ45',NULL,1,'40',40,NULL),(1576,41,'41',43,NULL,'RJ45',NULL,1,'41',41,NULL),(1577,42,'42',43,NULL,'RJ45',NULL,1,'42',42,NULL),(1578,43,'43',43,NULL,'RJ45',NULL,1,'43',43,NULL),(1579,44,'44',43,NULL,'RJ45',NULL,1,'44',44,NULL),(1580,45,'45',43,NULL,'RJ45',NULL,1,'45',45,NULL),(1581,46,'46',43,NULL,'RJ45',NULL,1,'46',46,NULL),(1582,47,'47',43,NULL,'RJ45',NULL,1,'47',47,NULL),(1583,48,'48',43,NULL,'RJ45',NULL,1,'48',48,NULL),(1584,1,'1',44,NULL,'RJ45',NULL,1,'1',1,NULL),(1585,2,'2',44,NULL,'RJ45',NULL,1,'2',2,NULL),(1586,3,'3',44,NULL,'RJ45',NULL,1,'3',3,NULL),(1587,4,'4',44,NULL,'RJ45',NULL,1,'4',4,NULL),(1588,5,'5',44,NULL,'RJ45',NULL,1,'5',5,NULL),(1589,6,'6',44,NULL,'RJ45',NULL,1,'6',6,NULL),(1590,7,'7',44,NULL,'RJ45',NULL,1,'7',7,NULL),(1591,8,'8',44,NULL,'RJ45',NULL,1,'8',8,NULL),(1592,9,'9',44,NULL,'RJ45',NULL,1,'9',9,NULL),(1593,10,'10',44,NULL,'RJ45',NULL,1,'10',10,NULL),(1594,11,'11',44,NULL,'RJ45',NULL,1,'11',11,NULL),(1595,12,'12',44,NULL,'RJ45',NULL,1,'12',12,NULL),(1596,13,'13',44,NULL,'RJ45',NULL,1,'13',13,NULL),(1597,14,'14',44,NULL,'RJ45',NULL,1,'14',14,NULL),(1598,15,'15',44,NULL,'RJ45',NULL,1,'15',15,NULL),(1599,16,'16',44,NULL,'RJ45',NULL,1,'16',16,NULL),(1600,17,'17',44,NULL,'RJ45',NULL,1,'17',17,NULL),(1601,18,'18',44,NULL,'RJ45',NULL,1,'18',18,NULL),(1602,19,'19',44,NULL,'RJ45',NULL,1,'19',19,NULL),(1603,20,'20',44,NULL,'RJ45',NULL,1,'20',20,NULL),(1604,21,'21',44,NULL,'RJ45',NULL,1,'21',21,NULL),(1605,22,'22',44,NULL,'RJ45',NULL,1,'22',22,NULL),(1606,23,'23',44,NULL,'RJ45',NULL,1,'23',23,NULL),(1607,24,'24',44,NULL,'RJ45',NULL,1,'24',24,NULL),(1608,25,'25',44,NULL,'RJ45',NULL,1,'25',25,NULL),(1609,26,'26',44,NULL,'RJ45',NULL,1,'26',26,NULL),(1610,27,'27',44,NULL,'RJ45',NULL,1,'27',27,NULL),(1611,28,'28',44,NULL,'RJ45',NULL,1,'28',28,NULL),(1612,29,'29',44,NULL,'RJ45',NULL,1,'29',29,NULL),(1613,30,'30',44,NULL,'RJ45',NULL,1,'30',30,NULL),(1614,31,'31',44,NULL,'RJ45',NULL,1,'31',31,NULL),(1615,32,'32',44,NULL,'RJ45',NULL,1,'32',32,NULL),(1616,33,'33',44,NULL,'RJ45',NULL,1,'33',33,NULL),(1617,34,'34',44,NULL,'RJ45',NULL,1,'34',34,NULL),(1618,35,'35',44,NULL,'RJ45',NULL,1,'35',35,NULL),(1619,36,'36',44,NULL,'RJ45',NULL,1,'36',36,NULL),(1620,37,'37',44,NULL,'RJ45',NULL,1,'37',37,NULL),(1621,38,'38',44,NULL,'RJ45',NULL,1,'38',38,NULL),(1622,39,'39',44,NULL,'RJ45',NULL,1,'39',39,NULL),(1623,40,'40',44,NULL,'RJ45',NULL,1,'40',40,NULL),(1624,41,'41',44,NULL,'RJ45',NULL,1,'41',41,NULL),(1625,42,'42',44,NULL,'RJ45',NULL,1,'42',42,NULL),(1626,43,'43',44,NULL,'RJ45',NULL,1,'43',43,NULL),(1627,44,'44',44,NULL,'RJ45',NULL,1,'44',44,NULL),(1628,45,'45',44,NULL,'RJ45',NULL,1,'45',45,NULL),(1629,46,'46',44,NULL,'RJ45',NULL,1,'46',46,NULL),(1630,47,'47',44,NULL,'RJ45',NULL,1,'47',47,NULL),(1631,48,'48',44,NULL,'RJ45',NULL,1,'48',48,NULL),(1632,49,'49',44,NULL,'RJ45',NULL,1,'49',49,NULL),(1633,50,'50',44,NULL,'RJ45',NULL,1,'50',50,NULL),(1634,51,'51',44,NULL,'RJ45',NULL,1,'51',51,NULL),(1635,52,'52',44,NULL,'RJ45',NULL,1,'52',52,NULL),(1636,1,'1',45,NULL,'RJ45',NULL,1,'1',1,NULL),(1637,2,'2',45,NULL,'RJ45',NULL,1,'2',2,NULL),(1638,3,'3',45,NULL,'RJ45',NULL,1,'3',3,NULL),(1639,4,'4',45,NULL,'RJ45',NULL,1,'4',4,NULL),(1640,5,'5',45,NULL,'RJ45',NULL,1,'5',5,NULL),(1641,6,'6',45,NULL,'RJ45',NULL,1,'6',6,NULL),(1642,7,'7',45,NULL,'RJ45',NULL,1,'7',7,NULL),(1643,8,'8',45,NULL,'RJ45',NULL,1,'8',8,NULL),(1644,9,'9',45,NULL,'RJ45',NULL,1,'9',9,NULL),(1645,10,'10',45,NULL,'RJ45',NULL,1,'10',10,NULL),(1646,11,'11',45,NULL,'RJ45',NULL,1,'11',11,NULL),(1647,12,'12',45,NULL,'RJ45',NULL,1,'12',12,NULL),(1648,13,'13',45,NULL,'RJ45',NULL,1,'13',13,NULL),(1649,14,'14',45,NULL,'RJ45',NULL,1,'14',14,NULL),(1650,15,'15',45,NULL,'RJ45',NULL,1,'15',15,NULL),(1651,16,'16',45,NULL,'RJ45',NULL,1,'16',16,NULL),(1652,17,'17',45,NULL,'RJ45',NULL,1,'17',17,NULL),(1653,18,'18',45,NULL,'RJ45',NULL,1,'18',18,NULL),(1654,19,'19',45,NULL,'RJ45',NULL,1,'19',19,NULL),(1655,20,'20',45,NULL,'RJ45',NULL,1,'20',20,NULL),(1656,21,'21',45,NULL,'RJ45',NULL,1,'21',21,NULL),(1657,22,'22',45,NULL,'RJ45',NULL,1,'22',22,NULL),(1658,23,'23',45,NULL,'RJ45',NULL,1,'23',23,NULL),(1659,24,'24',45,NULL,'RJ45',NULL,1,'24',24,NULL),(1660,25,'25',45,NULL,'RJ45',NULL,1,'25',25,NULL),(1661,26,'26',45,NULL,'RJ45',NULL,1,'26',26,NULL),(1662,27,'27',45,NULL,'RJ45',NULL,1,'27',27,NULL),(1663,28,'28',45,NULL,'RJ45',NULL,1,'28',28,NULL),(1664,29,'29',45,NULL,'RJ45',NULL,1,'29',29,NULL),(1665,30,'30',45,NULL,'RJ45',NULL,1,'30',30,NULL),(1666,31,'31',45,NULL,'RJ45',NULL,1,'31',31,NULL),(1667,32,'32',45,NULL,'RJ45',NULL,1,'32',32,NULL),(1668,33,'33',45,NULL,'RJ45',NULL,1,'33',33,NULL),(1669,34,'34',45,NULL,'RJ45',NULL,1,'34',34,NULL),(1670,35,'35',45,NULL,'RJ45',NULL,1,'35',35,NULL),(1671,36,'36',45,NULL,'RJ45',NULL,1,'36',36,NULL),(1672,37,'37',45,NULL,'RJ45',NULL,1,'37',37,NULL),(1673,38,'38',45,NULL,'RJ45',NULL,1,'38',38,NULL),(1674,39,'39',45,NULL,'RJ45',NULL,1,'39',39,NULL),(1675,40,'40',45,NULL,'RJ45',NULL,1,'40',40,NULL),(1676,41,'41',45,NULL,'RJ45',NULL,1,'41',41,NULL),(1677,42,'42',45,NULL,'RJ45',NULL,1,'42',42,NULL),(1678,43,'43',45,NULL,'RJ45',NULL,1,'43',43,NULL),(1679,44,'44',45,NULL,'RJ45',NULL,1,'44',44,NULL),(1680,45,'45',45,NULL,'RJ45',NULL,1,'45',45,NULL),(1681,46,'46',45,NULL,'RJ45',NULL,1,'46',46,NULL),(1682,47,'47',45,NULL,'RJ45',NULL,1,'47',47,NULL),(1683,48,'48',45,NULL,'RJ45',NULL,1,'48',48,NULL),(1684,49,'49',45,NULL,'RJ45',NULL,1,'49',49,NULL),(1685,50,'50',45,NULL,'RJ45',NULL,1,'50',50,NULL),(1686,51,'51',45,NULL,'RJ45',NULL,1,'51',51,NULL),(1687,52,'52',45,NULL,'RJ45',NULL,1,'52',52,NULL),(1688,1,'1',46,NULL,'RJ45',NULL,1,'1',1,NULL),(1689,2,'2',46,NULL,'RJ45',NULL,1,'2',2,NULL),(1690,3,'3',46,NULL,'RJ45',NULL,1,'3',3,NULL),(1691,4,'4',46,NULL,'RJ45',NULL,1,'4',4,NULL),(1692,5,'5',46,NULL,'RJ45',NULL,1,'5',5,NULL),(1693,6,'6',46,NULL,'RJ45',NULL,1,'6',6,NULL),(1694,7,'7',46,NULL,'RJ45',NULL,1,'7',7,NULL),(1695,8,'8',46,NULL,'RJ45',NULL,1,'8',8,NULL),(1696,9,'9',46,NULL,'RJ45',NULL,1,'9',9,NULL),(1697,10,'10',46,NULL,'RJ45',NULL,1,'10',10,NULL),(1698,1,'1',47,NULL,'RJ45',NULL,1,'1',1,NULL),(1699,2,'2',47,NULL,'RJ45',NULL,1,'2',2,NULL),(1700,1,'1',48,NULL,'RJ45',NULL,1,'1',1,NULL),(1701,2,'2',48,NULL,'RJ45',NULL,1,'2',2,NULL),(1702,3,'3',48,NULL,'RJ45',NULL,1,'3',3,NULL),(1703,4,'4',48,NULL,'RJ45',NULL,1,'4',4,NULL),(1704,1,'1',49,NULL,'Fibre',NULL,1,'1',1,NULL),(1705,2,'2',49,NULL,'Fibre',NULL,1,'2',2,NULL),(1706,3,'3',49,NULL,'Fibre',NULL,1,'3',3,NULL),(1707,4,'4',49,NULL,'Fibre',NULL,1,'4',4,NULL),(1708,1,'1',50,NULL,'RJ45',NULL,1,'1',1,NULL),(1709,2,'2',50,NULL,'RJ45',NULL,1,'2',2,NULL),(1710,3,'3',50,NULL,'RJ45',NULL,1,'3',3,NULL),(1711,4,'4',50,NULL,'RJ45',NULL,1,'4',4,NULL),(1712,5,'5',50,NULL,'RJ45',NULL,1,'5',5,NULL),(1713,6,'6',50,NULL,'RJ45',NULL,1,'6',6,NULL),(1714,7,'7',50,NULL,'RJ45',NULL,1,'7',7,NULL),(1715,8,'8',50,NULL,'RJ45',NULL,1,'8',8,NULL),(1716,9,'9',50,NULL,'RJ45',NULL,1,'9',9,NULL),(1717,10,'10',50,NULL,'RJ45',NULL,1,'10',10,NULL),(1718,11,'11',50,NULL,'RJ45',NULL,1,'11',11,NULL),(1719,12,'12',50,NULL,'RJ45',NULL,1,'12',12,NULL),(1720,13,'13',50,NULL,'RJ45',NULL,1,'13',13,NULL),(1721,14,'14',50,NULL,'RJ45',NULL,1,'14',14,NULL),(1722,15,'15',50,NULL,'RJ45',NULL,1,'15',15,NULL),(1723,16,'16',50,NULL,'RJ45',NULL,1,'16',16,NULL),(1724,17,'17',50,NULL,'RJ45',NULL,1,'17',17,NULL),(1725,18,'18',50,NULL,'RJ45',NULL,1,'18',18,NULL),(1726,19,'19',50,NULL,'RJ45',NULL,1,'19',19,NULL),(1727,20,'20',50,NULL,'RJ45',NULL,1,'20',20,NULL),(1728,21,'21',50,NULL,'RJ45',NULL,1,'21',21,NULL),(1729,22,'22',50,NULL,'RJ45',NULL,1,'22',22,NULL),(1730,23,'23',50,NULL,'RJ45',NULL,1,'23',23,NULL),(1731,24,'24',50,NULL,'RJ45',NULL,1,'24',24,NULL),(1732,1,'1',51,NULL,'RJ45',NULL,1,'1',1,NULL),(1733,2,'2',51,NULL,'RJ45',NULL,1,'2',2,NULL),(1734,3,'3',51,NULL,'RJ45',NULL,1,'3',3,NULL),(1735,4,'4',51,NULL,'RJ45',NULL,1,'4',4,NULL),(1736,5,'5',51,NULL,'RJ45',NULL,1,'5',5,NULL),(1737,6,'6',51,NULL,'RJ45',NULL,1,'6',6,NULL),(1738,7,'7',51,NULL,'RJ45',NULL,1,'7',7,NULL),(1739,8,'8',51,NULL,'RJ45',NULL,1,'8',8,NULL),(1740,1,'1',52,NULL,'RJ45',NULL,1,'1',1,NULL),(1741,2,'2',52,NULL,'RJ45',NULL,1,'2',2,NULL),(1742,3,'3',52,NULL,'RJ45',NULL,1,'3',3,NULL),(1743,4,'4',52,NULL,'RJ45',NULL,1,'4',4,NULL),(1744,5,'5',52,NULL,'RJ45',NULL,1,'5',5,NULL),(1745,6,'6',52,NULL,'RJ45',NULL,1,'6',6,NULL),(1746,7,'7',52,NULL,'RJ45',NULL,1,'7',7,NULL),(1747,8,'8',52,NULL,'RJ45',NULL,1,'8',8,NULL),(1748,9,'9',52,NULL,'RJ45',NULL,1,'9',9,NULL),(1749,10,'10',52,NULL,'RJ45',NULL,1,'10',10,NULL),(1770,1,'1',54,NULL,'RJ45',NULL,1,'1',1,NULL),(1771,2,'2',54,NULL,'RJ45',NULL,1,'2',2,NULL),(1772,3,'3',54,NULL,'RJ45',NULL,1,'3',3,NULL),(1773,4,'4',54,NULL,'RJ45',NULL,1,'4',4,NULL),(1774,5,'5',54,NULL,'RJ45',NULL,1,'5',5,NULL),(1775,6,'6',54,NULL,'RJ45',NULL,1,'6',6,NULL),(1776,7,'7',54,NULL,'RJ45',NULL,1,'7',7,NULL),(1777,8,'8',54,NULL,'RJ45',NULL,1,'8',8,NULL),(1778,9,'9',54,NULL,'RJ45',NULL,1,'9',9,NULL),(1864,1,'1',55,NULL,'RJ45',NULL,1,'1',1,NULL),(1865,2,'2',55,NULL,'RJ45',NULL,1,'2',2,NULL),(1866,3,'3',55,NULL,'RJ45',NULL,1,'3',3,NULL),(1867,4,'4',55,NULL,'RJ45',NULL,1,'4',4,NULL),(1868,5,'5',55,NULL,'RJ45',NULL,1,'5',5,NULL),(1869,6,'6',55,NULL,'RJ45',NULL,1,'6',6,NULL),(1870,7,'7',55,NULL,'RJ45',NULL,1,'7',7,NULL),(1871,8,'8',55,NULL,'RJ45',NULL,1,'8',8,NULL),(1872,1,'1',56,NULL,'RJ45',NULL,1,'1',1,NULL),(1873,2,'2',56,NULL,'RJ45',NULL,1,'2',2,NULL),(1874,3,'3',56,NULL,'RJ45',NULL,1,'3',3,NULL),(1875,4,'4',56,NULL,'RJ45',NULL,1,'4',4,NULL),(1876,5,'5',56,NULL,'RJ45',NULL,1,'5',5,NULL),(1877,6,'6',56,NULL,'RJ45',NULL,1,'6',6,NULL),(1878,1,'1',57,NULL,'RJ45',NULL,1,'1',1,NULL),(1879,2,'2',57,NULL,'RJ45',NULL,1,'2',2,NULL),(1880,3,'3',57,NULL,'RJ45',NULL,1,'3',3,NULL),(1881,4,'4',57,NULL,'RJ45',NULL,1,'4',4,NULL),(1882,5,'5',57,NULL,'RJ45',NULL,1,'5',5,NULL),(1883,6,'6',57,NULL,'RJ45',NULL,1,'6',6,NULL),(1884,7,'7',57,NULL,'RJ45',NULL,1,'7',7,NULL),(1885,1,'1',58,NULL,'RJ45',NULL,1,'1',1,NULL),(1886,2,'2',58,NULL,'RJ45',NULL,1,'2',2,NULL),(1887,3,'3',58,NULL,'RJ45',NULL,1,'3',3,NULL),(1888,1,'1',59,NULL,'RJ45',NULL,1,'1',1,NULL),(1889,2,'2',59,NULL,'RJ45',NULL,1,'2',2,NULL),(1890,3,'3',59,NULL,'RJ45',NULL,1,'3',3,NULL),(1891,4,'4',59,NULL,'RJ45',NULL,1,'4',4,NULL),(1892,5,'5',59,NULL,'RJ45',NULL,1,'5',5,NULL),(1893,1,'1',60,NULL,'RJ45',NULL,1,'1',1,NULL),(1894,2,'2',60,NULL,'RJ45',NULL,1,'2',2,NULL),(1895,3,'3',60,NULL,'RJ45',NULL,1,'3',3,NULL),(1896,4,'4',60,NULL,'RJ45',NULL,1,'4',4,NULL),(1897,5,'5',60,NULL,'RJ45',NULL,1,'5',5,NULL),(1932,1,'1H',64,NULL,'Fibre',NULL,1,'1H',1,NULL),(1933,2,'1B',64,NULL,'Fibre',NULL,1,'1B',25,NULL),(1934,3,'2H',64,NULL,'Fibre',NULL,1,'2H',2,NULL),(1935,4,'2B',64,NULL,'Fibre',NULL,1,'2B',26,NULL),(1936,5,'3H',64,NULL,'Fibre',NULL,1,'3H',3,NULL),(1937,6,'3B',64,NULL,'Fibre',NULL,1,'3B',27,NULL),(1938,7,'4H',64,NULL,'Fibre',NULL,1,'4H',4,NULL),(1939,8,'4B',64,NULL,'Fibre',NULL,1,'4B',28,NULL),(1940,9,'5H',64,NULL,'Fibre',NULL,1,'5H',5,NULL),(1941,10,'5B',64,NULL,'Fibre',NULL,1,'5B',29,NULL),(1942,11,'6H',64,NULL,'Fibre',NULL,1,'6H',6,NULL),(1943,12,'6B',64,NULL,'Fibre',NULL,1,'6B',30,NULL),(1944,13,'7H',64,NULL,'Fibre',NULL,1,'7H',7,NULL),(1945,14,'7B',64,NULL,'Fibre',NULL,1,'7B',31,NULL),(1946,15,'8H',64,NULL,'Fibre',NULL,1,'8H',8,NULL),(1947,16,'8B',64,NULL,'Fibre',NULL,1,'8B',32,NULL),(1948,17,'9H',64,NULL,'Fibre',NULL,1,'9H',9,NULL),(1949,18,'9B',64,NULL,'Fibre',NULL,1,'9B',33,NULL),(1950,19,'10H',64,NULL,'Fibre',NULL,1,'10H',10,NULL),(1951,20,'10B',64,NULL,'Fibre',NULL,1,'10B',34,NULL),(1952,21,'11H',64,NULL,'Fibre',NULL,1,'11H',11,NULL),(1953,22,'11B',64,NULL,'Fibre',NULL,1,'11B',35,NULL),(1954,23,'12H',64,NULL,'Fibre',NULL,1,'12H',12,NULL),(1955,24,'12B',64,NULL,'Fibre',NULL,1,'12B',36,NULL),(1956,25,'13H',64,NULL,'Fibre',NULL,1,'13H',13,NULL),(1957,26,'13B',64,NULL,'Fibre',NULL,1,'13B',37,NULL),(1958,27,'14H',64,NULL,'Fibre',NULL,1,'14H',14,NULL),(1959,28,'14B',64,NULL,'Fibre',NULL,1,'14B',38,NULL),(1960,29,'15H',64,NULL,'Fibre',NULL,1,'15H',15,NULL),(1961,30,'15B',64,NULL,'Fibre',NULL,1,'15B',39,NULL),(1962,31,'16H',64,NULL,'Fibre',NULL,1,'16H',16,NULL),(1963,32,'16B',64,NULL,'Fibre',NULL,1,'16B',40,NULL),(1964,33,'17H',64,NULL,'Fibre',NULL,1,'17H',17,NULL),(1965,34,'17B',64,NULL,'Fibre',NULL,1,'17B',41,NULL),(1966,35,'18H',64,NULL,'Fibre',NULL,1,'18H',18,NULL),(1967,36,'18B',64,NULL,'Fibre',NULL,1,'18B',42,NULL),(1968,37,'19H',64,NULL,'Fibre',NULL,1,'19H',19,NULL),(1969,38,'19B',64,NULL,'Fibre',NULL,1,'19B',43,NULL),(1970,39,'20H',64,NULL,'Fibre',NULL,1,'20H',20,NULL),(1971,40,'20B',64,NULL,'Fibre',NULL,1,'20B',44,NULL),(1972,41,'21H',64,NULL,'Fibre',NULL,1,'21H',21,NULL),(1973,42,'21B',64,NULL,'Fibre',NULL,1,'21B',45,NULL),(1974,43,'22H',64,NULL,'Fibre',NULL,1,'22H',22,NULL),(1975,44,'22B',64,NULL,'Fibre',NULL,1,'22B',46,NULL),(1976,45,'23H',64,NULL,'Fibre',NULL,1,'23H',23,NULL),(1977,46,'23B',64,NULL,'Fibre',NULL,1,'23B',47,NULL),(1978,47,'24H',64,NULL,'Fibre',NULL,1,'24H',24,NULL),(1979,48,'24B',64,NULL,'Fibre',NULL,1,'24B',48,NULL),(1980,1,'1H',65,NULL,'Fibre',NULL,1,'1H',1,NULL),(1981,2,'1B',65,NULL,'Fibre',NULL,1,'1B',25,NULL),(1982,3,'2H',65,NULL,'Fibre',NULL,1,'2H',2,NULL),(1983,4,'2B',65,NULL,'Fibre',NULL,1,'2B',26,NULL),(1984,5,'3H',65,NULL,'Fibre',NULL,1,'3H',3,NULL),(1985,6,'3B',65,NULL,'Fibre',NULL,1,'3B',27,NULL),(1986,7,'4H',65,NULL,'Fibre',NULL,1,'4H',4,NULL),(1987,8,'4B',65,NULL,'Fibre',NULL,1,'4B',28,NULL),(1988,9,'5H',65,NULL,'Fibre',NULL,1,'5H',5,NULL),(1989,10,'5B',65,NULL,'Fibre',NULL,1,'5B',29,NULL),(1990,11,'6H',65,NULL,'Fibre',NULL,1,'6H',6,NULL),(1991,12,'6B',65,NULL,'Fibre',NULL,1,'6B',30,NULL),(1992,13,'7H',65,NULL,'Fibre',NULL,1,'7H',7,NULL),(1993,14,'7B',65,NULL,'Fibre',NULL,1,'7B',31,NULL),(1994,15,'8H',65,NULL,'Fibre',NULL,1,'8H',8,NULL),(1995,16,'8B',65,NULL,'Fibre',NULL,1,'8B',32,NULL),(1996,17,'9H',65,NULL,'Fibre',NULL,1,'9H',9,NULL),(1997,18,'9B',65,NULL,'Fibre',NULL,1,'9B',33,NULL),(1998,19,'10H',65,NULL,'Fibre',NULL,1,'10H',10,NULL),(1999,20,'10B',65,NULL,'Fibre',NULL,1,'10B',34,NULL),(2000,21,'11H',65,NULL,'Fibre',NULL,1,'11H',11,NULL),(2001,22,'11B',65,NULL,'Fibre',NULL,1,'11B',35,NULL),(2002,23,'12H',65,NULL,'Fibre',NULL,1,'12H',12,NULL),(2003,24,'12B',65,NULL,'Fibre',NULL,1,'12B',36,NULL),(2004,25,'13H',65,NULL,'Fibre',NULL,1,'13H',13,NULL),(2005,26,'13B',65,NULL,'Fibre',NULL,1,'13B',37,NULL),(2006,27,'14H',65,NULL,'Fibre',NULL,1,'14H',14,NULL),(2007,28,'14B',65,NULL,'Fibre',NULL,1,'14B',38,NULL),(2008,29,'15H',65,NULL,'Fibre',NULL,1,'15H',15,NULL),(2009,30,'15B',65,NULL,'Fibre',NULL,1,'15B',39,NULL),(2010,31,'16H',65,NULL,'Fibre',NULL,1,'16H',16,NULL),(2011,32,'16B',65,NULL,'Fibre',NULL,1,'16B',40,NULL),(2012,33,'17H',65,NULL,'Fibre',NULL,1,'17H',17,NULL),(2013,34,'17B',65,NULL,'Fibre',NULL,1,'17B',41,NULL),(2014,35,'18H',65,NULL,'Fibre',NULL,1,'18H',18,NULL),(2015,36,'18B',65,NULL,'Fibre',NULL,1,'18B',42,NULL),(2016,37,'19H',65,NULL,'Fibre',NULL,1,'19H',19,NULL),(2017,38,'19B',65,NULL,'Fibre',NULL,1,'19B',43,NULL),(2018,39,'20H',65,NULL,'Fibre',NULL,1,'20H',20,NULL),(2019,40,'20B',65,NULL,'Fibre',NULL,1,'20B',44,NULL),(2020,41,'21H',65,NULL,'Fibre',NULL,1,'21H',21,NULL),(2021,42,'21B',65,NULL,'Fibre',NULL,1,'21B',45,NULL),(2022,43,'22H',65,NULL,'Fibre',NULL,1,'22H',22,NULL),(2023,44,'22B',65,NULL,'Fibre',NULL,1,'22B',46,NULL),(2024,45,'23H',65,NULL,'Fibre',NULL,1,'23H',23,NULL),(2025,46,'23B',65,NULL,'Fibre',NULL,1,'23B',47,NULL),(2026,47,'24H',65,NULL,'Fibre',NULL,1,'24H',24,NULL),(2027,48,'24B',65,NULL,'Fibre',NULL,1,'24B',48,NULL),(2028,1,'1',66,NULL,'Fibre',NULL,1,'1',1,NULL),(2029,2,'2',66,NULL,'Fibre',NULL,1,'2',2,NULL),(2030,3,'3',66,NULL,'Fibre',NULL,1,'3',3,NULL),(2031,4,'4',66,NULL,'Fibre',NULL,1,'4',4,NULL),(2032,5,'5',66,NULL,'Fibre',NULL,1,'5',5,NULL),(2033,6,'6',66,NULL,'Fibre',NULL,1,'6',6,NULL),(2034,7,'7',66,NULL,'Fibre',NULL,1,'7',7,NULL),(2035,8,'8',66,NULL,'Fibre',NULL,1,'8',8,NULL),(2036,9,'9',66,NULL,'Fibre',NULL,1,'9',9,NULL),(2037,10,'10',66,NULL,'Fibre',NULL,1,'10',10,NULL),(2038,11,'11',66,NULL,'Fibre',NULL,1,'11',11,NULL),(2039,12,'12',66,NULL,'Fibre',NULL,1,'12',12,NULL),(2040,13,'13',66,NULL,'Fibre',NULL,1,'13',13,NULL),(2041,14,'14',66,NULL,'Fibre',NULL,1,'14',14,NULL),(2042,15,'15',66,NULL,'Fibre',NULL,1,'15',15,NULL),(2043,16,'16',66,NULL,'Fibre',NULL,1,'16',16,NULL),(2044,17,'17',66,NULL,'Fibre',NULL,1,'17',17,NULL),(2045,18,'18',66,NULL,'Fibre',NULL,1,'18',18,NULL),(2046,19,'19',66,NULL,'Fibre',NULL,1,'19',19,NULL),(2047,20,'20',66,NULL,'Fibre',NULL,1,'20',20,NULL),(2048,21,'21',66,NULL,'Fibre',NULL,1,'21',21,NULL),(2049,22,'22',66,NULL,'Fibre',NULL,1,'22',22,NULL),(2050,23,'23',66,NULL,'Fibre',NULL,1,'23',23,NULL),(2051,24,'24',66,NULL,'Fibre',NULL,1,'24',24,NULL),(2052,25,'25',66,NULL,'Fibre',NULL,1,'25',25,NULL),(2053,26,'26',66,NULL,'Fibre',NULL,1,'26',26,NULL),(2054,27,'27',66,NULL,'Fibre',NULL,1,'27',27,NULL),(2055,28,'28',66,NULL,'Fibre',NULL,1,'28',28,NULL),(2056,29,'29',66,NULL,'Fibre',NULL,1,'29',29,NULL),(2057,30,'30',66,NULL,'Fibre',NULL,1,'30',30,NULL),(2058,31,'31',66,NULL,'Fibre',NULL,1,'31',31,NULL),(2059,32,'32',66,NULL,'Fibre',NULL,1,'32',32,NULL),(2060,33,'CPLIN',66,NULL,'Fibre',NULL,1,'CPLIN',33,NULL),(2061,1,'1H = PBO 01-PT 1 (Rouge)',67,NULL,'Fibre',NULL,1,'1H',1,NULL),(2062,2,'1B = PBO 01-PT 1 (Bleu)',67,NULL,'Fibre',NULL,1,'1B',13,NULL),(2063,3,'2H = PBO 01-PT 2 (Rouge)',67,NULL,'Fibre',NULL,1,'2H',2,NULL),(2064,4,'2B = PBO 01-PT 2 (Bleu)',67,NULL,'Fibre',NULL,1,'2B',14,NULL),(2065,5,'3H = PBO 01-PT 3 (Rouge)',67,NULL,'Fibre',NULL,1,'3H',3,NULL),(2066,6,'3B = PBO 01-PT 3 (Bleu)',67,NULL,'Fibre',NULL,1,'3B',15,NULL),(2067,7,'4H = PBO 01-PT 4 (Rouge)',67,NULL,'Fibre',NULL,1,'4H',4,NULL),(2068,8,'4B = PBO 01-PT 4 (Bleu)',67,NULL,'Fibre',NULL,1,'4B',16,NULL),(2069,9,'5H = PBO 01-PT 5 (Rouge)',67,NULL,'Fibre',NULL,1,'5H',5,NULL),(2070,10,'5B = PBO 01-PT 5 (Bleu)',67,NULL,'Fibre',NULL,1,'5B',17,NULL),(2071,11,'6H = PBO 01-PT 6 (Rouge)',67,NULL,'Fibre',NULL,1,'6H',6,NULL),(2072,12,'6B = PBO 01-PT 6 (Bleu)',67,NULL,'Fibre',NULL,1,'6B',18,NULL),(2073,13,'7H = PBO 01-PT 7 (Rouge)',67,NULL,'Fibre',NULL,1,'7H',7,NULL),(2074,14,'7B = PBO 01-PT 7 (Bleu)',67,NULL,'Fibre',NULL,1,'7B',19,NULL),(2075,15,'8H = PBO 01-PT 8 (Rouge)',67,NULL,'Fibre',NULL,1,'8H',8,NULL),(2076,16,'8B = PBO 01-PT 8 (Bleu)',67,NULL,'Fibre',NULL,1,'8B',20,NULL),(2077,17,'9H = PBO 01-PT 9 (Rouge)',67,NULL,'Fibre',NULL,1,'9H',9,NULL),(2078,18,'9B = PBO 01-PT 9 (Bleu)',67,NULL,'Fibre',NULL,1,'9B',21,NULL),(2079,19,'10H = PBO 01-PT 10 (Rouge)',67,NULL,'Fibre',NULL,1,'10H',10,NULL),(2080,20,'10B = PBO 01-PT 10 (Bleu)',67,NULL,'Fibre',NULL,1,'10B',22,NULL),(2081,21,'11H = PBO 01-PT 11 (Rouge)',67,NULL,'Fibre',NULL,1,'11H',11,NULL),(2082,22,'11B = PBO 01-PT 11 (Bleu)',67,NULL,'Fibre',NULL,1,'11B',23,NULL),(2083,23,'12H = PBO 01-PT 12 (Rouge)',67,NULL,'Fibre',NULL,1,'12H',12,NULL),(2084,24,'12B = PBO 01-PT 12 (Bleu)',67,NULL,'Fibre',NULL,1,'12B',24,NULL),(2085,13,'13H = PBO 02-PT 1 (Rouge)',68,NULL,'Fibre',NULL,1,'13H',1,NULL),(2086,14,'13B = PBO 02-PT 1 (Bleu)',68,NULL,'Fibre',NULL,1,'13B',13,NULL),(2087,15,'14H = PBO 02-PT 2 (Rouge)',68,NULL,'Fibre',NULL,1,'14H',2,NULL),(2088,16,'14B = PBO 02-PT 2 (Bleu)',68,NULL,'Fibre',NULL,1,'14B',14,NULL),(2089,17,'15H = PBO 02-PT 3 (Rouge)',68,NULL,'Fibre',NULL,1,'15H',3,NULL),(2090,18,'15B = PBO 02-PT 3 (Bleu)',68,NULL,'Fibre',NULL,1,'15B',15,NULL),(2091,19,'16H = PBO 02-PT 4 (Rouge)',68,NULL,'Fibre',NULL,1,'16H',4,NULL),(2092,20,'16B = PBO 02-PT 4 (Bleu)',68,NULL,'Fibre',NULL,1,'16B',16,NULL),(2093,21,'17H = PBO 02-PT 5 (Rouge)',68,NULL,'Fibre',NULL,1,'17H',5,NULL),(2094,22,'17B = PBO 02-PT 5 (Bleu)',68,NULL,'Fibre',NULL,1,'17B',17,NULL),(2095,23,'18H = PBO 02-PT 6 (Rouge)',68,NULL,'Fibre',NULL,1,'18H',6,NULL),(2096,24,'18B = PBO 02-PT 6 (Bleu)',68,NULL,'Fibre',NULL,1,'18B',18,NULL),(2097,25,'19H = PBO 02-PT 7 (Rouge)',68,NULL,'Fibre',NULL,1,'19H',7,NULL),(2098,26,'19B = PBO 02-PT 7 (Bleu)',68,NULL,'Fibre',NULL,1,'19B',19,NULL),(2099,1,'1H = PBO 03-PT 1 (Rouge)',69,NULL,'Fibre',NULL,1,'1H',1,NULL),(2100,2,'1B = PBO 03-PT 1 (Bleu)',69,NULL,'Fibre',NULL,1,'1B',14,NULL),(2101,3,'2H = PBO 03-PT 2 (Rouge)',69,NULL,'Fibre',NULL,1,'2H',2,NULL),(2102,4,'2B = PBO 03-PT 2 (Bleu)',69,NULL,'Fibre',NULL,1,'2B',15,NULL),(2103,5,'3H = PBO 03-PT 3 (Rouge)',69,NULL,'Fibre',NULL,1,'3H',3,NULL),(2104,6,'3B = PBO 03-PT 3 (Bleu)',69,NULL,'Fibre',NULL,1,'3B',16,NULL),(2105,7,'4H = PBO 03-PT 4 (Rouge)',69,NULL,'Fibre',NULL,1,'4H',4,NULL),(2106,8,'4B = PBO 03-PT 4 (Bleu)',69,NULL,'Fibre',NULL,1,'4B',17,NULL),(2107,9,'5H = PBO 03-PT 5 (Rouge)',69,NULL,'Fibre',NULL,1,'5H',5,NULL),(2108,10,'5B = PBO 03-PT 5 (Bleu)',69,NULL,'Fibre',NULL,1,'5B',18,NULL),(2109,11,'6H = PBO 03-PT 6 (Rouge)',69,NULL,'Fibre',NULL,1,'6H',6,NULL),(2110,12,'6B = PBO 03-PT 6 (Bleu)',69,NULL,'Fibre',NULL,1,'6B',19,NULL),(2111,13,'7H = PBO 03-PT 7 (Rouge)',69,NULL,'Fibre',NULL,1,'7H',7,NULL),(2112,14,'7B = PBO 03-PT 7 (Bleu)',69,NULL,'Fibre',NULL,1,'7B',20,NULL),(2113,15,'8H = PBO 03-PT 8 (Rouge)',69,NULL,'Fibre',NULL,1,'8H',8,NULL),(2114,16,'8B = PBO 03-PT 8 (Bleu)',69,NULL,'Fibre',NULL,1,'8B',21,NULL),(2115,17,'9H = PBO 03-PT 9 (Rouge)',69,NULL,'Fibre',NULL,1,'9H',9,NULL),(2116,18,'9B = PBO 03-PT 9 (Bleu)',69,NULL,'Fibre',NULL,1,'9B',22,NULL),(2117,19,'10H = PBO 03-PT 10 (Rouge)',69,77,'Fibre','127.0.0.1',1,'10H',10,109),(2118,20,'10B = PBO 03-PT 10 (Bleu)',69,77,'Fibre',NULL,0,'10B',23,109),(2119,21,'11H = PBO 03-PT 11 (Rouge)',69,NULL,'Fibre',NULL,1,'11H',11,NULL),(2120,22,'11B = PBO 03-PT 11 (Bleu)',69,NULL,'Fibre',NULL,1,'11B',24,NULL),(2121,23,'12H = PBO 03-PT 12 (Rouge)',69,NULL,'Fibre',NULL,1,'12H',12,NULL),(2122,24,'12B = PBO 03-PT 12 (Bleu)',69,NULL,'Fibre',NULL,1,'12B',25,NULL),(2123,25,'13H = PBO 03-PT 13 (Rouge)',69,NULL,'Fibre',NULL,1,'13H',13,NULL),(2124,13,'13H = PBO 04-PT 1 (Rouge)',70,NULL,'Fibre',NULL,1,'13H',1,NULL),(2125,14,'13B = PBO 04-PT 1 (Bleu)',70,NULL,'Fibre',NULL,1,'13B',13,NULL),(2126,15,'14H = PBO 04-PT 2 (Rouge)',70,NULL,'Fibre',NULL,1,'14H',2,NULL),(2127,16,'14B = PBO 04-PT 2 (Bleu)',70,NULL,'Fibre',NULL,1,'14B',14,NULL),(2128,17,'15H = PBO 04-PT 3 (Rouge)',70,NULL,'Fibre',NULL,1,'15H',3,NULL),(2129,18,'15B = PBO 04-PT 3 (Bleu)',70,NULL,'Fibre',NULL,1,'15B',15,NULL),(2130,19,'16H = PBO 04-PT 4 (Rouge)',70,NULL,'Fibre',NULL,1,'16H',4,NULL),(2131,20,'16B = PBO 04-PT 4 (Bleu)',70,NULL,'Fibre',NULL,1,'16B',16,NULL),(2132,21,'17H = PBO 04-PT 5 (Rouge)',70,NULL,'Fibre',NULL,1,'17H',5,NULL),(2133,22,'17B = PBO 04-PT 5 (Bleu)',70,NULL,'Fibre',NULL,1,'17B',17,NULL),(2134,23,'18H = PBO 04-PT 6 (Rouge)',70,NULL,'Fibre',NULL,1,'18H',6,NULL),(2135,24,'18B = PBO 04-PT 6 (Bleu)',70,NULL,'Fibre',NULL,1,'18B',18,NULL),(2136,25,'19H = PBO 04-PT 7 (Rouge)',70,NULL,'Fibre',NULL,1,'19H',7,NULL),(2137,26,'19B = PBO 04-PT 7 (Bleu)',70,NULL,'Fibre',NULL,1,'19B',19,NULL),(2138,1,'1H = PBO 05-PT 1 (Rouge)',71,NULL,'Fibre',NULL,1,'1H',1,NULL),(2139,2,'1B = PBO 05-PT 1 (Bleu)',71,NULL,'Fibre',NULL,1,'1B',13,NULL),(2140,3,'2H = PBO 05-PT 2 (Rouge)',71,NULL,'Fibre',NULL,1,'2H',2,NULL),(2141,4,'2B = PBO 05-PT 2 (Bleu)',71,NULL,'Fibre',NULL,1,'2B',14,NULL),(2142,5,'3H = PBO 05-PT 3 (Rouge)',71,NULL,'Fibre',NULL,1,'3H',3,NULL),(2143,6,'3B = PBO 05-PT 3 (Bleu)',71,NULL,'Fibre',NULL,1,'3B',15,NULL),(2144,7,'4H = PBO 05-PT 4 (Rouge)',71,NULL,'Fibre',NULL,1,'4H',4,NULL),(2145,8,'4B = PBO 05-PT 4 (Bleu)',71,NULL,'Fibre',NULL,1,'4B',16,NULL),(2146,9,'5H = PBO 05-PT 5 (Rouge)',71,NULL,'Fibre',NULL,1,'5H',5,NULL),(2147,10,'5B = PBO 05-PT 5 (Bleu)',71,NULL,'Fibre',NULL,1,'5B',17,NULL),(2148,11,'6H = PBO 05-PT 6 (Rouge)',71,NULL,'Fibre',NULL,1,'6H',6,NULL),(2149,12,'6B = PBO 05-PT 6 (Bleu)',71,NULL,'Fibre',NULL,1,'6B',18,NULL),(2150,13,'7H = PBO 05-PT 7 (Rouge)',71,NULL,'Fibre',NULL,1,'7H',7,NULL),(2151,14,'7B = PBO 05-PT 7 (Bleu)',71,NULL,'Fibre',NULL,1,'7B',19,NULL),(2152,15,'8H = PBO 05-PT 8 (Rouge)',71,NULL,'Fibre',NULL,1,'8H',8,NULL),(2153,16,'8B = PBO 05-PT 8 (Bleu)',71,NULL,'Fibre',NULL,1,'8B',20,NULL),(2154,17,'9H = PBO 05-PT 9 (Rouge)',71,NULL,'Fibre',NULL,1,'9H',9,NULL),(2155,18,'9B = PBO 05-PT 9 (Bleu)',71,NULL,'Fibre',NULL,1,'9B',21,NULL),(2156,19,'10H = PBO 05-PT 10 (Rouge)',71,NULL,'Fibre',NULL,1,'10H',10,NULL),(2157,20,'10B = PBO 05-PT 10 (Bleu)',71,NULL,'Fibre',NULL,1,'10B',22,NULL),(2158,21,'11H = PBO 05-PT 11 (Rouge)',71,NULL,'Fibre',NULL,1,'11H',11,NULL),(2159,22,'11B = PBO 05-PT 11 (Bleu)',71,NULL,'Fibre',NULL,1,'11B',23,NULL),(2160,23,'12H = PBO 05-PT 12 (Rouge)',71,NULL,'Fibre',NULL,1,'12H',12,NULL),(2161,24,'12B = PBO 05-PT 12 (Bleu)',71,NULL,'Fibre',NULL,1,'12B',24,NULL),(2162,0,'0',72,NULL,'Fibre',NULL,1,'0',0,NULL),(2163,1,'1',72,NULL,'Fibre',NULL,1,'1',1,NULL),(2164,2,'2',72,NULL,'Fibre',NULL,1,'2',2,NULL),(2165,3,'3',72,NULL,'Fibre',NULL,1,'3',3,NULL),(2166,4,'4',72,NULL,'Fibre',NULL,1,'4',4,NULL),(2167,5,'5',72,NULL,'Fibre',NULL,1,'5',5,NULL),(2168,6,'6',72,NULL,'Fibre',NULL,1,'6',6,NULL),(2169,7,'7',72,NULL,'Fibre',NULL,1,'7',7,NULL),(2170,8,'8',72,NULL,'Fibre',NULL,1,'8',8,NULL),(2171,9,'9',72,NULL,'Fibre',NULL,1,'9',9,NULL),(2172,10,'10',72,NULL,'Fibre',NULL,1,'10',10,NULL),(2173,11,'11',72,NULL,'Fibre',NULL,1,'11',11,NULL),(2174,12,'12',72,NULL,'Fibre',NULL,1,'12',12,NULL),(2175,13,'13',72,NULL,'Fibre',NULL,1,'13',13,NULL),(2176,14,'14',72,NULL,'Fibre',NULL,1,'14',14,NULL),(2177,15,'15',72,NULL,'Fibre',NULL,1,'15',15,NULL),(2178,16,'16',72,NULL,'Fibre',NULL,1,'16',16,NULL),(2179,17,'17',72,NULL,'Fibre',NULL,1,'17',17,NULL),(2180,18,'18',72,NULL,'Fibre',NULL,1,'18',18,NULL),(2181,19,'19',72,NULL,'Fibre',NULL,1,'19',19,NULL),(2182,20,'20',72,NULL,'Fibre',NULL,1,'20',20,NULL),(2183,21,'21',72,NULL,'Fibre',NULL,1,'21',21,NULL),(2184,22,'22',72,NULL,'Fibre',NULL,1,'22',22,NULL),(2185,23,'23',72,NULL,'Fibre',NULL,1,'23',23,NULL),(2186,24,'24',72,NULL,'Fibre',NULL,1,'24',24,NULL),(2187,25,'25',72,NULL,'Fibre',NULL,1,'25',25,NULL),(2188,26,'26',72,NULL,'Fibre',NULL,1,'26',26,NULL),(2189,27,'27',72,NULL,'Fibre',NULL,1,'27',27,NULL),(2190,28,'28',72,NULL,'Fibre',NULL,1,'28',28,NULL),(2191,29,'29',72,NULL,'Fibre',NULL,1,'29',29,NULL),(2192,30,'30',72,NULL,'Fibre',NULL,1,'30',30,NULL),(2193,31,'31',72,NULL,'Fibre',NULL,1,'31',31,NULL),(2194,32,'32',72,NULL,'Fibre',NULL,1,'32',32,NULL),(2195,0,'0',73,NULL,'RJ45',NULL,1,'0',0,NULL),(2196,1,'1',73,NULL,'Fibre',NULL,1,'1',1,NULL),(2197,2,'2',73,NULL,'Fibre',NULL,1,'2',2,NULL),(2198,3,'3',73,NULL,'Fibre',NULL,1,'3',3,NULL),(2199,4,'4',73,NULL,'Fibre',NULL,1,'4',4,NULL),(2200,5,'5',73,NULL,'Fibre',NULL,1,'5',5,NULL),(2201,6,'6',73,NULL,'Fibre',NULL,1,'6',6,NULL),(2202,7,'7',73,NULL,'Fibre',NULL,1,'7',7,NULL),(2203,8,'8',73,NULL,'Fibre',NULL,1,'8',8,NULL),(2204,1,'1H',74,NULL,'Fibre',NULL,1,'1H',1,NULL),(2205,2,'1B',74,NULL,'Fibre',NULL,1,'1B',25,NULL),(2206,3,'2H',74,NULL,'Fibre',NULL,1,'2H',2,NULL),(2207,4,'2B',74,NULL,'Fibre',NULL,1,'2B',26,NULL),(2208,5,'3H',74,NULL,'Fibre',NULL,1,'3H',3,NULL),(2209,6,'3B',74,NULL,'Fibre',NULL,1,'3B',27,NULL),(2210,7,'4H',74,NULL,'Fibre',NULL,1,'4H',4,NULL),(2211,8,'4B',74,NULL,'Fibre',NULL,1,'4B',28,NULL),(2212,9,'5H',74,NULL,'Fibre',NULL,1,'5H',5,NULL),(2213,10,'5B',74,NULL,'Fibre',NULL,1,'5B',29,NULL),(2214,11,'6H',74,NULL,'Fibre',NULL,1,'6H',6,NULL),(2215,12,'6B',74,NULL,'Fibre',NULL,1,'6B',30,NULL),(2216,13,'7H',74,NULL,'Fibre',NULL,1,'7H',7,NULL),(2217,14,'7B',74,NULL,'Fibre',NULL,1,'7B',31,NULL),(2218,15,'8H',74,NULL,'Fibre',NULL,1,'8H',8,NULL),(2219,16,'8B',74,NULL,'Fibre',NULL,1,'8B',32,NULL),(2220,17,'9H',74,NULL,'Fibre',NULL,1,'9H',9,NULL),(2221,18,'9B',74,NULL,'Fibre',NULL,1,'9B',33,NULL),(2222,19,'10H',74,NULL,'Fibre',NULL,1,'10H',10,NULL),(2223,20,'10B',74,NULL,'Fibre',NULL,1,'10B',34,NULL),(2224,21,'11H',74,NULL,'Fibre',NULL,1,'11H',11,NULL),(2225,22,'11B',74,NULL,'Fibre',NULL,1,'11B',35,NULL),(2226,23,'12H',74,NULL,'Fibre',NULL,1,'12H',12,NULL),(2227,24,'12B',74,NULL,'Fibre',NULL,1,'12B',36,NULL),(2228,25,'13H',74,NULL,'Fibre',NULL,1,'13H',13,NULL),(2229,26,'13B',74,NULL,'Fibre',NULL,1,'13B',37,NULL),(2230,27,'14H',74,NULL,'Fibre',NULL,1,'14H',14,NULL),(2231,28,'14B',74,NULL,'Fibre',NULL,1,'14B',38,NULL),(2232,29,'15H',74,NULL,'Fibre',NULL,1,'15H',15,NULL),(2233,30,'15B',74,NULL,'Fibre',NULL,1,'15B',39,NULL),(2234,31,'16H',74,NULL,'Fibre',NULL,1,'16H',16,NULL),(2235,32,'16B',74,NULL,'Fibre',NULL,1,'16B',40,NULL),(2236,33,'17H',74,NULL,'Fibre',NULL,1,'17H',17,NULL),(2237,34,'17B',74,NULL,'Fibre',NULL,1,'17B',41,NULL),(2238,35,'18H',74,NULL,'Fibre',NULL,1,'18H',18,NULL),(2239,36,'18B',74,NULL,'Fibre',NULL,1,'18B',42,NULL),(2240,37,'19H',74,NULL,'Fibre',NULL,1,'19H',19,NULL),(2241,38,'19B',74,NULL,'Fibre',NULL,1,'19B',43,NULL),(2242,39,'20H',74,NULL,'Fibre',NULL,1,'20H',20,NULL),(2243,40,'20B',74,NULL,'Fibre',NULL,1,'20B',44,NULL),(2244,41,'21H',74,NULL,'Fibre',NULL,1,'21H',21,NULL),(2245,42,'21B',74,NULL,'Fibre',NULL,1,'21B',45,NULL),(2246,43,'22H',74,NULL,'Fibre',NULL,1,'22H',22,NULL),(2247,44,'22B',74,NULL,'Fibre',NULL,1,'22B',46,NULL),(2248,45,'23H',74,NULL,'Fibre',NULL,1,'23H',23,NULL),(2249,46,'23B',74,NULL,'Fibre',NULL,1,'23B',47,NULL),(2250,47,'24H',74,NULL,'Fibre',NULL,1,'24H',24,NULL),(2251,48,'24B',74,NULL,'Fibre',NULL,1,'24B',48,NULL),(2252,1,'1H',75,NULL,'Fibre',NULL,1,'1H',1,NULL),(2253,2,'1B',75,NULL,'Fibre',NULL,1,'1B',25,NULL),(2254,3,'2H',75,NULL,'Fibre',NULL,1,'2H',2,NULL),(2255,4,'2B',75,NULL,'Fibre',NULL,1,'2B',26,NULL),(2256,5,'3H',75,NULL,'Fibre',NULL,1,'3H',3,NULL),(2257,6,'3B',75,NULL,'Fibre',NULL,1,'3B',27,NULL),(2258,7,'4H',75,NULL,'Fibre',NULL,1,'4H',4,NULL),(2259,8,'4B',75,NULL,'Fibre',NULL,1,'4B',28,NULL),(2260,9,'5H',75,NULL,'Fibre',NULL,1,'5H',5,NULL),(2261,10,'5B',75,NULL,'Fibre',NULL,1,'5B',29,NULL),(2262,11,'6H',75,NULL,'Fibre',NULL,1,'6H',6,NULL),(2263,12,'6B',75,NULL,'Fibre',NULL,1,'6B',30,NULL),(2264,13,'7H',75,NULL,'Fibre',NULL,1,'7H',7,NULL),(2265,14,'7B',75,NULL,'Fibre',NULL,1,'7B',31,NULL),(2266,15,'8H',75,NULL,'Fibre',NULL,1,'8H',8,NULL),(2267,16,'8B',75,NULL,'Fibre',NULL,1,'8B',32,NULL),(2268,17,'9H',75,NULL,'Fibre',NULL,1,'9H',9,NULL),(2269,18,'9B',75,NULL,'Fibre',NULL,1,'9B',33,NULL),(2270,19,'10H',75,NULL,'Fibre',NULL,1,'10H',10,NULL),(2271,20,'10B',75,NULL,'Fibre',NULL,1,'10B',34,NULL),(2272,21,'11H',75,NULL,'Fibre',NULL,1,'11H',11,NULL),(2273,22,'11B',75,NULL,'Fibre',NULL,1,'11B',35,NULL),(2274,23,'12H',75,NULL,'Fibre',NULL,1,'12H',12,NULL),(2275,24,'12B',75,NULL,'Fibre',NULL,1,'12B',36,NULL),(2276,25,'13H',75,NULL,'RJ45',NULL,0,'13H',13,NULL),(2277,26,'13B',75,NULL,'RJ45',NULL,0,'13B',37,NULL),(2278,27,'14H',75,NULL,'RJ45',NULL,0,'14H',14,NULL),(2279,28,'14B',75,NULL,'RJ45',NULL,0,'14B',38,NULL),(2280,29,'15H',75,NULL,'RJ45',NULL,0,'15H',15,NULL),(2281,30,'15B',75,NULL,'RJ45',NULL,0,'15B',39,NULL),(2282,31,'16H',75,NULL,'RJ45',NULL,0,'16H',16,NULL),(2283,32,'16B',75,NULL,'RJ45',NULL,0,'16B',40,NULL),(2284,33,'17H',75,NULL,'RJ45',NULL,0,'17H',17,NULL),(2285,34,'17B',75,NULL,'RJ45',NULL,0,'17B',41,NULL),(2286,35,'18H',75,NULL,'RJ45',NULL,0,'18H',18,NULL),(2287,36,'18B',75,NULL,'RJ45',NULL,0,'18B',42,NULL),(2288,37,'19H',75,NULL,'RJ45',NULL,0,'19H',19,NULL),(2289,38,'19B',75,NULL,'RJ45',NULL,0,'19B',43,NULL),(2290,39,'20H',75,NULL,'RJ45',NULL,0,'20H',20,NULL),(2291,40,'20B',75,NULL,'RJ45',NULL,0,'20B',44,NULL),(2292,41,'21H',75,NULL,'RJ45',NULL,0,'21H',21,NULL),(2293,42,'21B',75,NULL,'RJ45',NULL,0,'21B',45,NULL),(2294,43,'22H',75,NULL,'Fibre',NULL,1,'22H',22,NULL),(2295,44,'22B',75,NULL,'Fibre',NULL,1,'22B',46,NULL),(2296,45,'23H',75,NULL,'Fibre',NULL,1,'23H',23,NULL),(2297,46,'23B',75,NULL,'Fibre',NULL,1,'23B',47,NULL),(2298,47,'24H',75,NULL,'Fibre',NULL,1,'24H',24,NULL),(2299,48,'24B',75,NULL,'Fibre',NULL,1,'24B',48,NULL),(2300,1,'1',76,NULL,'RJ45',NULL,1,'1',1,NULL),(2301,2,'2',76,NULL,'RJ45',NULL,1,'2',2,NULL),(2302,3,'3',76,NULL,'RJ45',NULL,1,'3',3,NULL),(2303,4,'4',76,NULL,'RJ45',NULL,1,'4',4,NULL),(2304,5,'5',76,NULL,'RJ45',NULL,1,'5',5,NULL),(2305,6,'6',76,NULL,'RJ45',NULL,1,'6',6,NULL),(2306,7,'7',76,NULL,'RJ45',NULL,1,'7',7,NULL),(2307,8,'8',76,NULL,'RJ45',NULL,1,'8',8,NULL),(2308,9,'9',76,NULL,'RJ45',NULL,1,'9',9,NULL),(2309,10,'10',76,NULL,'RJ45',NULL,1,'10',10,NULL),(2310,11,'11',76,NULL,'RJ45',NULL,1,'11',11,NULL),(2311,12,'12',76,NULL,'RJ45',NULL,1,'12',12,NULL),(2312,13,'13',76,NULL,'RJ45',NULL,1,'13',13,NULL),(2313,14,'14',76,NULL,'RJ45',NULL,1,'14',14,NULL),(2314,15,'15',76,NULL,'RJ45',NULL,1,'15',15,NULL),(2315,16,'16',76,NULL,'RJ45',NULL,1,'16',16,NULL),(2316,17,'17',76,NULL,'RJ45',NULL,1,'17',17,NULL),(2317,18,'18',76,NULL,'RJ45',NULL,1,'18',18,NULL),(2318,19,'19',76,NULL,'RJ45',NULL,1,'19',19,NULL),(2319,20,'20',76,NULL,'RJ45',NULL,1,'20',20,NULL),(2320,21,'21',76,NULL,'RJ45',NULL,1,'21',21,NULL),(2321,22,'22',76,NULL,'RJ45',NULL,1,'22',22,NULL),(2322,23,'23',76,NULL,'RJ45',NULL,1,'23',23,NULL),(2323,24,'24',76,NULL,'RJ45',NULL,1,'24',24,NULL),(2324,1,'1',77,NULL,'RJ45',NULL,1,'1',1,NULL),(2325,2,'2',77,NULL,'RJ45',NULL,1,'2',2,NULL),(2326,3,'3',77,NULL,'RJ45',NULL,1,'3',3,NULL),(2327,4,'4',77,NULL,'RJ45',NULL,1,'4',4,NULL),(2328,5,'5',77,NULL,'RJ45',NULL,1,'5',5,NULL),(2329,6,'6',77,NULL,'RJ45',NULL,1,'6',6,NULL),(2330,7,'7',77,NULL,'RJ45',NULL,1,'7',7,NULL),(2331,8,'8',77,NULL,'RJ45',NULL,1,'8',8,NULL),(2332,9,'9',77,NULL,'RJ45',NULL,1,'9',9,NULL),(2333,10,'10',77,NULL,'RJ45',NULL,1,'10',10,NULL),(2334,11,'11',77,NULL,'RJ45',NULL,1,'11',11,NULL),(2335,12,'12',77,NULL,'RJ45',NULL,1,'12',12,NULL),(2336,13,'13',77,NULL,'RJ45',NULL,1,'13',13,NULL),(2337,14,'14',77,NULL,'RJ45',NULL,1,'14',14,NULL),(2338,15,'15',77,NULL,'RJ45',NULL,1,'15',15,NULL),(2339,16,'16',77,NULL,'RJ45',NULL,1,'16',16,NULL),(2340,17,'17',77,NULL,'RJ45',NULL,1,'17',17,NULL),(2341,18,'18',77,NULL,'RJ45',NULL,1,'18',18,NULL),(2342,19,'19',77,NULL,'RJ45',NULL,1,'19',19,NULL),(2343,20,'20',77,NULL,'RJ45',NULL,1,'20',20,NULL),(2344,21,'21',77,NULL,'RJ45',NULL,1,'21',21,NULL),(2345,22,'22',77,NULL,'RJ45',NULL,1,'22',22,NULL),(2346,23,'23',77,NULL,'RJ45',NULL,1,'23',23,NULL),(2347,24,'24',77,NULL,'RJ45',NULL,1,'24',24,NULL),(2348,25,'25',77,NULL,'RJ45',NULL,1,'25',25,NULL),(2349,26,'26',77,NULL,'RJ45',NULL,1,'26',26,NULL),(2350,27,'27',77,NULL,'RJ45',NULL,1,'27',27,NULL),(2351,28,'28',77,NULL,'RJ45',NULL,1,'28',28,NULL),(2352,29,'29',77,NULL,'RJ45',NULL,1,'29',29,NULL),(2353,30,'30',77,NULL,'RJ45',NULL,1,'30',30,NULL),(2354,31,'31',77,NULL,'RJ45',NULL,1,'31',31,NULL),(2355,32,'32',77,NULL,'RJ45',NULL,1,'32',32,NULL),(2356,33,'33',77,NULL,'RJ45',NULL,1,'33',33,NULL),(2357,34,'34',77,NULL,'RJ45',NULL,1,'34',34,NULL),(2358,35,'35',77,NULL,'RJ45',NULL,1,'35',35,NULL),(2359,36,'36',77,NULL,'RJ45',NULL,1,'36',36,NULL),(2360,37,'37',77,NULL,'RJ45',NULL,1,'37',37,NULL),(2361,38,'38',77,NULL,'RJ45',NULL,1,'38',38,NULL),(2362,39,'39',77,NULL,'RJ45',NULL,1,'39',39,NULL),(2363,40,'40',77,NULL,'RJ45',NULL,1,'40',40,NULL),(2364,41,'41',77,NULL,'RJ45',NULL,1,'41',41,NULL),(2365,42,'42',77,NULL,'RJ45',NULL,1,'42',42,NULL),(2366,43,'43',77,NULL,'RJ45',NULL,1,'43',43,NULL),(2367,44,'44',77,NULL,'RJ45',NULL,1,'44',44,NULL),(2368,45,'45',77,NULL,'RJ45',NULL,1,'45',45,NULL),(2369,46,'46',77,NULL,'RJ45',NULL,1,'46',46,NULL),(2370,47,'47',77,NULL,'RJ45',NULL,1,'47',47,NULL),(2371,48,'48',77,NULL,'RJ45',NULL,1,'48',48,NULL),(2372,49,'49',77,NULL,'RJ45',NULL,1,'49',49,NULL),(2373,50,'50',77,NULL,'RJ45',NULL,1,'50',50,NULL),(2374,51,'51',77,NULL,'RJ45',NULL,1,'51',51,NULL),(2375,52,'52',77,NULL,'RJ45',NULL,1,'52',52,NULL),(2376,53,'53',77,NULL,'RJ45',NULL,1,'53',53,NULL),(2377,54,'54',77,NULL,'RJ45',NULL,1,'54',54,NULL),(2378,55,'55',77,NULL,'RJ45',NULL,1,'55',55,NULL),(2379,56,'56',77,NULL,'RJ45',NULL,1,'56',56,NULL),(2380,57,'57',77,NULL,'RJ45',NULL,1,'57',57,NULL),(2381,58,'58',77,NULL,'RJ45',NULL,1,'58',58,NULL),(2382,59,'59',77,NULL,'RJ45',NULL,1,'59',59,NULL),(2383,60,'60',77,NULL,'RJ45',NULL,1,'60',60,NULL),(2384,61,'61',77,NULL,'RJ45',NULL,1,'61',61,NULL),(2385,62,'62',77,NULL,'RJ45',NULL,1,'62',62,NULL),(2386,63,'63',77,NULL,'RJ45',NULL,1,'63',63,NULL),(2387,64,'64',77,NULL,'RJ45',NULL,1,'64',64,NULL),(2388,65,'65',77,NULL,'RJ45',NULL,1,'65',65,NULL),(2389,66,'66',77,NULL,'RJ45',NULL,1,'66',66,NULL),(2390,67,'67',77,NULL,'RJ45',NULL,1,'67',67,NULL),(2391,68,'68',77,NULL,'RJ45',NULL,1,'68',68,NULL),(2392,69,'69',77,NULL,'RJ45',NULL,1,'69',69,NULL),(2393,70,'70',77,NULL,'RJ45',NULL,1,'70',70,NULL),(2394,71,'71',77,NULL,'RJ45',NULL,1,'71',71,NULL),(2395,72,'72',77,NULL,'RJ45',NULL,1,'72',72,NULL),(2396,73,'73',77,NULL,'RJ45',NULL,1,'73',73,NULL),(2397,74,'74',77,NULL,'RJ45',NULL,1,'74',74,NULL),(2398,75,'75',77,NULL,'RJ45',NULL,1,'75',75,NULL),(2399,76,'76',77,NULL,'RJ45',NULL,1,'76',76,NULL),(2400,77,'77',77,NULL,'RJ45',NULL,1,'77',77,NULL),(2401,78,'78',77,NULL,'RJ45',NULL,1,'78',78,NULL),(2402,79,'79',77,NULL,'RJ45',NULL,1,'79',79,NULL),(2403,80,'80',77,NULL,'RJ45',NULL,1,'80',80,NULL),(2404,81,'81',77,NULL,'RJ45',NULL,1,'81',81,NULL),(2405,82,'82',77,NULL,'RJ45',NULL,1,'82',82,NULL),(2406,83,'83',77,NULL,'RJ45',NULL,1,'83',83,NULL),(2407,84,'84',77,NULL,'RJ45',NULL,1,'84',84,NULL),(2408,85,'85',77,NULL,'RJ45',NULL,1,'85',85,NULL),(2409,86,'86',77,NULL,'RJ45',NULL,1,'86',86,NULL),(2410,87,'87',77,NULL,'RJ45',NULL,1,'87',87,NULL),(2411,88,'88',77,NULL,'RJ45',NULL,1,'88',88,NULL),(2412,89,'89',77,NULL,'RJ45',NULL,1,'89',89,NULL),(2413,90,'90',77,NULL,'RJ45',NULL,1,'90',90,NULL),(2414,1,'1',78,NULL,'RJ45',NULL,1,'1',1,NULL),(2415,2,'2',78,NULL,'RJ45',NULL,1,'2',2,NULL),(2416,3,'3',78,NULL,'RJ45',NULL,1,'3',3,NULL),(2417,4,'4',78,NULL,'RJ45',NULL,1,'4',4,NULL),(2418,1,'1',79,NULL,'RJ45',NULL,1,'1',1,NULL),(2419,2,'2',79,NULL,'RJ45',NULL,1,'2',2,NULL),(2420,3,'3',79,NULL,'RJ45',NULL,1,'3',3,NULL),(2421,4,'4',79,NULL,'RJ45',NULL,1,'4',4,NULL),(2422,5,'5',79,NULL,'RJ45',NULL,1,'5',5,NULL),(2423,1,'1',80,NULL,'RJ45',NULL,1,'1',1,NULL),(2424,2,'2',80,NULL,'RJ45',NULL,1,'2',2,NULL),(2425,3,'3',80,NULL,'RJ45',NULL,1,'3',3,NULL),(2426,4,'4',80,NULL,'RJ45',NULL,1,'4',4,NULL),(2427,5,'5',80,NULL,'RJ45',NULL,1,'5',5,NULL),(2428,1,'1',81,NULL,'RJ45',NULL,1,'1',1,NULL),(2429,2,'2',81,NULL,'RJ45',NULL,1,'2',2,NULL),(2430,3,'3',81,NULL,'RJ45',NULL,1,'3',3,NULL),(2431,4,'4',81,NULL,'RJ45',NULL,1,'4',4,NULL),(2432,5,'5',81,NULL,'RJ45',NULL,1,'5',5,NULL),(2433,1,'1',82,NULL,'RJ45',NULL,1,'1',1,NULL),(2434,2,'2',82,NULL,'RJ45',NULL,1,'2',2,NULL),(2435,3,'3',82,NULL,'RJ45',NULL,1,'3',3,NULL),(2436,4,'4',82,NULL,'RJ45',NULL,1,'4',4,NULL),(2437,5,'5',82,NULL,'RJ45',NULL,1,'5',5,NULL),(2438,1,'1',83,NULL,'RJ45',NULL,1,'1',1,NULL),(2439,2,'2',83,NULL,'RJ45',NULL,1,'2',2,NULL),(2440,3,'3',83,NULL,'RJ45',NULL,1,'3',3,NULL),(2441,4,'4',83,NULL,'RJ45',NULL,1,'4',4,NULL),(2442,5,'5',83,NULL,'RJ45',NULL,1,'5',5,NULL),(2443,6,'6',83,NULL,'RJ45',NULL,1,'6',6,NULL),(2444,7,'7',83,NULL,'RJ45',NULL,1,'7',7,NULL),(2445,8,'8',83,NULL,'RJ45',NULL,1,'8',8,NULL),(2446,9,'9',83,NULL,'RJ45',NULL,1,'9',9,NULL),(2447,10,'10',83,NULL,'RJ45',NULL,1,'10',10,NULL),(2448,11,'11',83,NULL,'RJ45',NULL,1,'11',11,NULL),(2449,12,'12',83,NULL,'RJ45',NULL,1,'12',12,NULL),(2450,13,'13',83,NULL,'RJ45',NULL,1,'13',13,NULL),(2451,14,'14',83,NULL,'RJ45',NULL,1,'14',14,NULL),(2452,15,'15',83,NULL,'RJ45',NULL,1,'15',15,NULL),(2453,16,'16',83,NULL,'RJ45',NULL,1,'16',16,NULL),(2454,17,'17',83,NULL,'RJ45',NULL,1,'17',17,NULL),(2455,18,'18',83,NULL,'RJ45',NULL,1,'18',18,NULL),(2456,19,'19',83,NULL,'RJ45',NULL,1,'19',19,NULL),(2457,20,'20',83,NULL,'RJ45',NULL,1,'20',20,NULL),(2458,21,'21',83,NULL,'RJ45',NULL,1,'21',21,NULL),(2459,22,'22',83,NULL,'RJ45',NULL,1,'22',22,NULL),(2460,23,'23',83,NULL,'RJ45',NULL,1,'23',23,NULL),(2461,24,'24',83,NULL,'RJ45',NULL,1,'24',24,NULL),(2462,1,'1',84,NULL,'RJ45',NULL,1,'1',1,NULL),(2463,2,'2',84,NULL,'RJ45',NULL,1,'2',2,NULL),(2464,3,'3',84,NULL,'RJ45',NULL,1,'3',3,NULL),(2465,4,'4',84,NULL,'RJ45',NULL,1,'4',4,NULL),(2466,5,'5',84,NULL,'RJ45',NULL,1,'5',5,NULL),(2467,6,'6',84,NULL,'RJ45',NULL,1,'6',6,NULL),(2468,7,'7',84,NULL,'RJ45',NULL,1,'7',7,NULL),(2469,8,'8',84,NULL,'RJ45',NULL,1,'8',8,NULL),(2470,9,'9',84,NULL,'RJ45',NULL,1,'9',9,NULL),(2471,10,'10',84,NULL,'RJ45',NULL,1,'10',10,NULL),(2472,11,'11',84,NULL,'RJ45',NULL,1,'11',11,NULL),(2473,12,'12',84,NULL,'RJ45',NULL,1,'12',12,NULL),(2474,13,'13',84,NULL,'RJ45',NULL,1,'13',13,NULL),(2475,14,'14',84,NULL,'RJ45',NULL,1,'14',14,NULL),(2476,15,'15',84,NULL,'RJ45',NULL,1,'15',15,NULL),(2477,16,'16',84,NULL,'RJ45',NULL,1,'16',16,NULL),(2478,17,'17',84,NULL,'RJ45',NULL,1,'17',17,NULL),(2479,18,'18',84,NULL,'RJ45',NULL,1,'18',18,NULL),(2480,19,'19',84,NULL,'RJ45',NULL,1,'19',19,NULL),(2481,20,'20',84,NULL,'RJ45',NULL,1,'20',20,NULL),(2482,21,'21',84,NULL,'RJ45',NULL,1,'21',21,NULL),(2483,22,'22',84,NULL,'RJ45',NULL,1,'22',22,NULL),(2484,23,'23',84,NULL,'RJ45',NULL,1,'23',23,NULL),(2485,24,'24',84,NULL,'RJ45',NULL,1,'24',24,NULL),(2486,1,'1',85,NULL,'RJ45',NULL,1,'1',1,NULL),(2487,2,'2',85,NULL,'RJ45',NULL,1,'2',2,NULL),(2488,3,'3',85,NULL,'RJ45',NULL,1,'3',3,NULL),(2489,4,'4',85,NULL,'RJ45',NULL,1,'4',4,NULL),(2490,5,'5',85,NULL,'RJ45',NULL,1,'5',5,NULL),(2491,6,'6',85,NULL,'RJ45',NULL,1,'6',6,NULL),(2492,7,'7',85,NULL,'RJ45',NULL,1,'7',7,NULL),(2493,8,'8',85,NULL,'RJ45',NULL,1,'8',8,NULL),(2494,9,'9',85,NULL,'RJ45',NULL,1,'9',9,NULL),(2495,10,'10',85,NULL,'RJ45',NULL,1,'10',10,NULL),(2496,11,'11',85,NULL,'RJ45',NULL,1,'11',11,NULL),(2497,12,'12',85,NULL,'RJ45',NULL,1,'12',12,NULL),(2498,13,'13',85,NULL,'RJ45',NULL,1,'13',13,NULL),(2499,14,'14',85,NULL,'RJ45',NULL,1,'14',14,NULL),(2500,15,'15',85,NULL,'RJ45',NULL,1,'15',15,NULL),(2501,16,'16',85,NULL,'RJ45',NULL,1,'16',16,NULL),(2502,17,'17',85,NULL,'RJ45',NULL,1,'17',17,NULL),(2503,18,'18',85,NULL,'RJ45',NULL,1,'18',18,NULL),(2504,19,'19',85,NULL,'RJ45',NULL,1,'19',19,NULL),(2505,20,'20',85,NULL,'RJ45',NULL,1,'20',20,NULL),(2506,21,'21',85,NULL,'RJ45',NULL,1,'21',21,NULL),(2507,22,'22',85,NULL,'RJ45',NULL,1,'22',22,NULL),(2508,23,'23',85,NULL,'RJ45',NULL,1,'23',23,NULL),(2509,24,'24',85,NULL,'RJ45',NULL,1,'24',24,NULL),(2510,1,'1',86,NULL,'RJ45',NULL,1,'1',1,NULL),(2511,2,'2',86,NULL,'RJ45',NULL,1,'2',2,NULL),(2512,3,'3',86,NULL,'RJ45',NULL,1,'3',3,NULL),(2513,4,'4',86,NULL,'RJ45',NULL,1,'4',4,NULL),(2514,5,'5',86,NULL,'RJ45',NULL,1,'5',5,NULL),(2515,6,'6',86,NULL,'RJ45',NULL,1,'6',6,NULL),(2516,7,'7',86,NULL,'RJ45',NULL,1,'7',7,NULL),(2517,8,'8',86,NULL,'RJ45',NULL,1,'8',8,NULL),(2518,9,'9',86,NULL,'RJ45',NULL,1,'9',9,NULL),(2519,10,'10',86,NULL,'RJ45',NULL,1,'10',10,NULL),(2520,11,'11',86,NULL,'RJ45',NULL,1,'11',11,NULL),(2521,12,'12',86,NULL,'RJ45',NULL,1,'12',12,NULL),(2522,13,'13',86,NULL,'RJ45',NULL,1,'13',13,NULL),(2523,14,'14',86,NULL,'RJ45',NULL,1,'14',14,NULL),(2524,15,'15',86,NULL,'RJ45',NULL,1,'15',15,NULL),(2525,16,'16',86,NULL,'RJ45',NULL,1,'16',16,NULL),(2526,17,'17',86,NULL,'RJ45',NULL,1,'17',17,NULL),(2527,18,'18',86,NULL,'RJ45',NULL,1,'18',18,NULL),(2528,19,'19',86,NULL,'RJ45',NULL,1,'19',19,NULL),(2529,20,'20',86,NULL,'RJ45',NULL,1,'20',20,NULL),(2530,21,'21',86,NULL,'RJ45',NULL,1,'21',21,NULL),(2531,22,'22',86,NULL,'RJ45',NULL,1,'22',22,NULL),(2532,23,'23',86,NULL,'RJ45',NULL,1,'23',23,NULL),(2533,24,'24',86,NULL,'RJ45',NULL,1,'24',24,NULL),(2534,1,'1',87,NULL,'RJ45',NULL,1,'1',1,NULL),(2535,2,'2',87,NULL,'RJ45',NULL,1,'2',2,NULL),(2536,3,'3',87,NULL,'RJ45',NULL,1,'3',3,NULL),(2537,4,'4',87,NULL,'RJ45',NULL,1,'4',4,NULL),(2538,5,'5',87,NULL,'RJ45',NULL,1,'5',5,NULL),(2539,6,'6',87,NULL,'RJ45',NULL,1,'6',6,NULL),(2540,7,'7',87,NULL,'RJ45',NULL,1,'7',7,NULL),(2541,8,'8',87,NULL,'RJ45',NULL,1,'8',8,NULL),(2542,9,'9',87,NULL,'RJ45',NULL,1,'9',9,NULL),(2543,10,'10',87,NULL,'RJ45',NULL,1,'10',10,NULL),(2544,11,'11',87,NULL,'RJ45',NULL,1,'11',11,NULL),(2545,12,'12',87,NULL,'RJ45',NULL,1,'12',12,NULL),(2546,13,'13',87,NULL,'RJ45',NULL,1,'13',13,NULL),(2547,14,'14',87,NULL,'RJ45',NULL,1,'14',14,NULL),(2548,15,'15',87,NULL,'RJ45',NULL,1,'15',15,NULL),(2549,16,'16',87,NULL,'RJ45',NULL,1,'16',16,NULL),(2550,17,'17',87,NULL,'RJ45',NULL,1,'17',17,NULL),(2551,18,'18',87,NULL,'RJ45',NULL,1,'18',18,NULL),(2552,19,'19',87,NULL,'RJ45',NULL,1,'19',19,NULL),(2553,20,'20',87,NULL,'RJ45',NULL,1,'20',20,NULL),(2554,21,'21',87,NULL,'RJ45',NULL,1,'21',21,NULL),(2555,22,'22',87,NULL,'RJ45',NULL,1,'22',22,NULL),(2556,23,'23',87,NULL,'RJ45',NULL,1,'23',23,NULL),(2557,24,'24',87,NULL,'RJ45',NULL,1,'24',24,NULL),(2558,1,'1',88,NULL,'RJ45',NULL,1,'1',1,NULL),(2559,2,'2',88,NULL,'RJ45',NULL,1,'2',2,NULL),(2560,3,'3',88,NULL,'RJ45',NULL,1,'3',3,NULL),(2561,4,'4',88,NULL,'RJ45',NULL,1,'4',4,NULL),(2562,5,'5',88,NULL,'RJ45',NULL,1,'5',5,NULL),(2563,6,'6',88,NULL,'RJ45',NULL,1,'6',6,NULL),(2564,7,'7',88,NULL,'RJ45',NULL,1,'7',7,NULL),(2565,8,'8',88,NULL,'RJ45',NULL,1,'8',8,NULL),(2566,9,'9',88,NULL,'RJ45',NULL,1,'9',9,NULL),(2567,10,'10',88,NULL,'RJ45',NULL,1,'10',10,NULL),(2568,11,'11',88,NULL,'RJ45',NULL,1,'11',11,NULL),(2569,12,'12',88,NULL,'RJ45',NULL,1,'12',12,NULL),(2570,13,'13',88,NULL,'RJ45',NULL,1,'13',13,NULL),(2571,14,'14',88,NULL,'RJ45',NULL,1,'14',14,NULL),(2572,15,'15',88,NULL,'RJ45',NULL,1,'15',15,NULL),(2573,16,'16',88,NULL,'RJ45',NULL,1,'16',16,NULL),(2574,17,'17',88,NULL,'RJ45',NULL,1,'17',17,NULL),(2575,18,'18',88,NULL,'RJ45',NULL,1,'18',18,NULL),(2576,19,'19',88,NULL,'RJ45',NULL,1,'19',19,NULL),(2577,20,'20',88,NULL,'RJ45',NULL,1,'20',20,NULL),(2578,21,'21',88,NULL,'RJ45',NULL,1,'21',21,NULL),(2579,22,'22',88,NULL,'RJ45',NULL,1,'22',22,NULL),(2580,23,'23',88,NULL,'RJ45',NULL,1,'23',23,NULL),(2581,24,'24',88,NULL,'RJ45',NULL,1,'24',24,NULL),(2582,1,'1',89,NULL,'RJ45',NULL,1,'1',1,NULL),(2583,2,'2',89,NULL,'RJ45',NULL,1,'2',2,NULL),(2584,3,'3',89,NULL,'RJ45',NULL,1,'3',3,NULL),(2585,4,'4',89,NULL,'RJ45',NULL,1,'4',4,NULL),(2586,5,'5',89,NULL,'RJ45',NULL,1,'5',5,NULL),(2587,6,'6',89,NULL,'RJ45',NULL,1,'6',6,NULL),(2588,7,'7',89,NULL,'RJ45',NULL,1,'7',7,NULL),(2589,8,'8',89,NULL,'RJ45',NULL,1,'8',8,NULL),(2590,9,'9',89,NULL,'RJ45',NULL,1,'9',9,NULL),(2591,10,'10',89,NULL,'RJ45',NULL,1,'10',10,NULL),(2592,11,'11',89,NULL,'RJ45',NULL,1,'11',11,NULL),(2593,12,'12',89,NULL,'RJ45',NULL,1,'12',12,NULL),(2594,13,'13',89,NULL,'RJ45',NULL,1,'13',13,NULL),(2595,14,'14',89,NULL,'RJ45',NULL,1,'14',14,NULL),(2596,15,'15',89,NULL,'RJ45',NULL,1,'15',15,NULL),(2597,16,'16',89,NULL,'RJ45',NULL,1,'16',16,NULL),(2598,17,'17',89,NULL,'RJ45',NULL,1,'17',17,NULL),(2599,18,'18',89,NULL,'RJ45',NULL,1,'18',18,NULL),(2600,19,'19',89,NULL,'RJ45',NULL,1,'19',19,NULL),(2601,20,'20',89,NULL,'RJ45',NULL,1,'20',20,NULL),(2602,21,'21',89,NULL,'RJ45',NULL,1,'21',21,NULL),(2603,22,'22',89,NULL,'RJ45',NULL,1,'22',22,NULL),(2604,23,'23',89,NULL,'RJ45',NULL,1,'23',23,NULL),(2605,24,'24',89,NULL,'RJ45',NULL,1,'24',24,NULL),(2606,25,'25',89,NULL,'RJ45',NULL,1,'25',25,NULL),(2607,26,'26',89,NULL,'RJ45',NULL,1,'26',26,NULL),(2608,27,'27',89,NULL,'RJ45',NULL,1,'27',27,NULL),(2609,28,'28',89,NULL,'RJ45',NULL,1,'28',28,NULL),(2610,1,'1',90,NULL,'RJ45',NULL,1,'1',1,NULL),(2611,2,'2',90,NULL,'RJ45',NULL,1,'2',2,NULL),(2612,3,'3',90,NULL,'RJ45',NULL,1,'3',3,NULL),(2613,4,'4',90,NULL,'RJ45',NULL,1,'4',4,NULL),(2614,5,'5',90,NULL,'RJ45',NULL,1,'5',5,NULL),(2615,6,'6',90,NULL,'RJ45',NULL,1,'6',6,NULL),(2616,7,'7',90,NULL,'RJ45',NULL,1,'7',7,NULL),(2617,8,'8',90,NULL,'RJ45',NULL,1,'8',8,NULL),(2618,9,'9',90,NULL,'RJ45',NULL,1,'9',9,NULL),(2619,10,'10',90,NULL,'RJ45',NULL,1,'10',10,NULL),(2620,11,'11',90,NULL,'RJ45',NULL,1,'11',11,NULL),(2621,12,'12',90,NULL,'RJ45',NULL,1,'12',12,NULL),(2622,13,'13',90,NULL,'RJ45',NULL,1,'13',13,NULL),(2623,14,'14',90,NULL,'RJ45',NULL,1,'14',14,NULL),(2624,15,'15',90,NULL,'RJ45',NULL,1,'15',15,NULL),(2625,16,'16',90,NULL,'RJ45',NULL,1,'16',16,NULL),(2626,17,'17',90,NULL,'RJ45',NULL,1,'17',17,NULL),(2627,18,'18',90,NULL,'RJ45',NULL,1,'18',18,NULL),(2628,19,'19',90,NULL,'RJ45',NULL,1,'19',19,NULL),(2629,20,'20',90,NULL,'RJ45',NULL,1,'20',20,NULL),(2630,21,'21',90,NULL,'RJ45',NULL,1,'21',21,NULL),(2631,22,'22',90,NULL,'RJ45',NULL,1,'22',22,NULL),(2632,23,'23',90,NULL,'RJ45',NULL,1,'23',23,NULL),(2633,24,'24',90,NULL,'RJ45',NULL,1,'24',24,NULL),(2634,25,'25',90,NULL,'RJ45',NULL,1,'25',25,NULL),(2635,26,'26',90,NULL,'RJ45',NULL,1,'26',26,NULL),(2636,27,'27',90,NULL,'RJ45',NULL,1,'27',27,NULL),(2637,28,'28',90,NULL,'RJ45',NULL,1,'28',28,NULL),(2638,29,'29',90,NULL,'RJ45',NULL,1,'29',29,NULL),(2639,30,'30',90,NULL,'RJ45',NULL,1,'30',30,NULL),(2640,31,'CSLE',90,NULL,'RJ45',NULL,1,'CSLE',31,NULL),(2641,1,'1',91,NULL,'RJ45',NULL,1,'1',1,NULL),(2642,2,'2',91,NULL,'RJ45',NULL,1,'2',2,NULL),(2643,3,'3',91,NULL,'RJ45',NULL,1,'3',3,NULL),(2644,4,'4',91,NULL,'RJ45',NULL,1,'4',4,NULL),(2645,5,'5',91,NULL,'RJ45',NULL,1,'5',5,NULL),(2646,6,'6',91,NULL,'RJ45',NULL,1,'6',6,NULL),(2647,7,'7',91,NULL,'RJ45',NULL,1,'7',7,NULL),(2648,8,'8',91,NULL,'RJ45',NULL,1,'8',8,NULL),(2649,9,'9',91,NULL,'RJ45',NULL,1,'9',9,NULL),(2650,10,'10',91,NULL,'RJ45',NULL,1,'10',10,NULL),(2651,11,'11',91,NULL,'RJ45',NULL,1,'11',11,NULL),(2652,12,'12',91,NULL,'RJ45',NULL,1,'12',12,NULL),(2653,13,'13',91,NULL,'RJ45',NULL,1,'13',13,NULL),(2654,14,'14',91,NULL,'RJ45',NULL,1,'14',14,NULL),(2655,15,'15',91,NULL,'RJ45',NULL,1,'15',15,NULL),(2656,16,'16',91,NULL,'RJ45',NULL,1,'16',16,NULL),(2657,17,'17',91,NULL,'RJ45',NULL,1,'17',17,NULL),(2658,18,'18',91,NULL,'RJ45',NULL,1,'18',18,NULL),(2659,19,'19',91,NULL,'RJ45',NULL,1,'19',19,NULL),(2660,20,'20',91,NULL,'RJ45',NULL,1,'20',20,NULL),(2661,21,'21',91,NULL,'RJ45',NULL,1,'21',21,NULL),(2662,22,'22',91,NULL,'RJ45',NULL,1,'22',22,NULL),(2663,23,'23',91,NULL,'RJ45',NULL,1,'23',23,NULL),(2664,24,'24',91,NULL,'RJ45',NULL,1,'24',24,NULL),(2665,25,'25',91,NULL,'RJ45',NULL,1,'25',25,NULL),(2666,26,'26',91,NULL,'RJ45',NULL,1,'26',26,NULL),(2667,27,'27',91,NULL,'RJ45',NULL,1,'27',27,NULL),(2668,28,'28',91,NULL,'RJ45',NULL,1,'28',28,NULL),(2669,29,'CSLE',91,NULL,'RJ45',NULL,1,'CSLE',29,NULL),(2670,30,'ETH',91,NULL,'RJ45',NULL,1,'ETH',30,NULL),(2722,1,'1',93,NULL,'RJ45',NULL,1,'1',1,NULL),(2723,2,'2',93,NULL,'RJ45',NULL,1,'2',2,NULL),(2724,3,'3',93,NULL,'RJ45',NULL,1,'3',3,NULL),(2725,4,'4',93,NULL,'RJ45',NULL,1,'4',4,NULL),(2726,5,'5',93,NULL,'RJ45',NULL,1,'5',5,NULL),(2727,6,'6',93,NULL,'RJ45',NULL,1,'6',6,NULL),(2728,7,'7',93,NULL,'Fibre',NULL,1,'7',7,NULL),(2729,8,'8',93,NULL,'Fibre',NULL,1,'8',8,NULL),(2730,9,'9',93,NULL,'Fibre',NULL,1,'9',9,NULL),(2731,10,'10',93,NULL,'Fibre',NULL,1,'10',10,NULL),(2732,11,'11',93,NULL,'RJ45',NULL,1,'11',11,NULL),(2733,12,'12',93,NULL,'RJ45',NULL,1,'12',12,NULL),(2734,13,'13',93,NULL,'RJ45',NULL,1,'13',13,NULL),(2735,14,'14',93,NULL,'RJ45',NULL,1,'14',14,NULL),(2736,15,'15',93,NULL,'RJ45',NULL,1,'15',15,NULL),(2737,16,'16',93,NULL,'RJ45',NULL,1,'16',16,NULL),(2738,17,'17',93,NULL,'RJ45',NULL,1,'17',17,NULL),(2739,18,'18',93,NULL,'RJ45',NULL,1,'18',18,NULL),(2740,19,'19',93,NULL,'RJ45',NULL,1,'19',19,NULL),(2741,20,'20',93,NULL,'RJ45',NULL,1,'20',20,NULL),(2742,21,'21',93,NULL,'RJ45',NULL,1,'21',21,NULL),(2743,22,'22',93,NULL,'RJ45',NULL,1,'22',22,NULL),(2744,23,'23',93,NULL,'RJ45',NULL,1,'23',23,NULL),(2745,24,'24',93,NULL,'RJ45',NULL,1,'24',24,NULL),(2746,25,'25',93,NULL,'RJ45',NULL,1,'25',25,NULL),(2747,26,'26',93,NULL,'RJ45',NULL,1,'26',26,NULL),(2748,27,'27',93,NULL,'RJ45',NULL,1,'27',27,NULL),(2749,28,'28',93,NULL,'RJ45',NULL,1,'28',28,NULL),(2750,29,'29',93,NULL,'RJ45',NULL,1,'29',29,NULL),(2751,30,'30',93,NULL,'RJ45',NULL,1,'30',30,NULL),(2752,31,'31',93,NULL,'RJ45',NULL,1,'31',31,NULL),(2753,1,'1',94,NULL,'RJ45',NULL,1,'1',1,NULL),(2754,2,'2',94,NULL,'RJ45',NULL,1,'2',2,NULL),(2755,3,'3',94,NULL,'RJ45',NULL,1,'3',3,NULL),(2756,4,'4',94,NULL,'RJ45',NULL,1,'4',4,NULL),(2757,5,'5',94,NULL,'RJ45',NULL,1,'5',5,NULL),(2758,6,'6',94,NULL,'RJ45',NULL,1,'6',6,NULL),(2759,7,'7',94,NULL,'RJ45',NULL,1,'7',7,NULL),(2760,8,'8',94,NULL,'RJ45',NULL,1,'8',8,NULL),(2761,9,'9',94,NULL,'RJ45',NULL,1,'9',9,NULL),(2762,10,'10',94,NULL,'RJ45',NULL,1,'10',10,NULL),(2763,11,'CSLE',94,NULL,'Fibre',NULL,1,'CSLE',11,NULL),(2764,27,'20H = PBO 02-PT 8 (Rouge)',68,NULL,'Fibre',NULL,1,'20H',8,NULL),(2765,28,'20B = PBO 02-PT 8 (Bleu)',68,NULL,'Fibre',NULL,1,'20B',20,NULL),(2766,29,'21H = PBO 02-PT 9 (Rouge)',68,NULL,'Fibre',NULL,1,'21H',9,NULL),(2767,30,'21B = PBO 02-PT 9 (Bleu)',68,NULL,'Fibre',NULL,1,'21B',21,NULL),(2768,31,'22H = PBO 02-PT 10 (Rouge)',68,NULL,'Fibre',NULL,1,'22H',10,NULL),(2769,32,'22B = PBO 02-PT 10 (Bleu)',68,NULL,'Fibre',NULL,1,'22B',22,NULL),(2770,33,'23H = PBO 02-PT 11 (Rouge)',68,NULL,'Fibre',NULL,1,'23H',11,NULL),(2771,34,'23B = PBO 02-PT 11 (Bleu)',68,NULL,'Fibre',NULL,1,'23B',23,NULL),(2772,35,'24H = PBO 02-PT 12 (Rouge)',68,NULL,'Fibre',NULL,1,'24H',12,NULL),(2773,36,'24B = PBO 02-PT 12 (Bleu)',68,NULL,'Fibre',NULL,1,'24B',24,NULL),(2774,27,'20H = PBO 04-PT 8 (Rouge)',70,NULL,'Fibre',NULL,1,'20H',8,NULL),(2775,28,'20B = PBO 04-PT 8 (Bleu)',70,NULL,'Fibre',NULL,1,'20B',20,NULL),(2776,29,'21H = PBO 04-PT 9 (Rouge)',70,NULL,'Fibre',NULL,1,'21H',9,NULL),(2777,30,'21B = PBO 04-PT 9 (Bleu)',70,NULL,'Fibre',NULL,1,'21B',21,NULL),(2778,31,'22H = PBO 04-PT 10 (Rouge)',70,NULL,'Fibre',NULL,1,'22H',10,NULL),(2779,32,'22B = PBO 04-PT 10 (Bleu)',70,NULL,'Fibre',NULL,1,'22B',22,NULL),(2780,33,'23H = PBO 04-PT 11 (Rouge)',70,NULL,'Fibre',NULL,1,'23H',11,NULL),(2781,34,'23B = PBO 04-PT 11 (Bleu)',70,NULL,'Fibre',NULL,1,'23B',23,NULL),(2782,35,'24H = PBO 04-PT 12 (Rouge)',70,NULL,'Fibre',NULL,1,'24H',12,NULL),(2783,36,'24B = PBO 04-PT 12 (Bleu)',70,NULL,'Fibre',NULL,1,'24B',24,NULL),(2784,0,'0',94,NULL,'RJ45',NULL,1,'0',0,NULL),(2785,1,'1',95,NULL,'RJ45',NULL,1,'1',1,NULL),(2786,2,'2',95,NULL,'RJ45',NULL,1,'2',2,NULL),(2787,3,'3',95,NULL,'RJ45',NULL,1,'3',3,NULL),(2788,4,'4',95,NULL,'RJ45',NULL,1,'4',4,NULL),(2789,5,'5',95,NULL,'RJ45',NULL,1,'5',5,NULL),(2790,0,'0',96,NULL,'RJ45',NULL,1,'0',0,NULL),(2791,1,'1',97,NULL,'RJ45',NULL,1,'1',1,NULL),(2792,2,'2',97,NULL,'RJ45',NULL,1,'2',2,NULL),(2793,3,'3',97,NULL,'RJ45',NULL,1,'3',3,NULL),(2794,4,'4',97,NULL,'RJ45',NULL,1,'4',4,NULL),(2795,0,'0',98,NULL,'RJ45',NULL,1,'0',0,NULL),(2796,1,'1',99,NULL,'RJ45',NULL,1,'1',1,NULL),(2797,2,'2',99,NULL,'RJ45',NULL,1,'2',2,NULL),(2798,3,'3',99,NULL,'RJ45',NULL,1,'3',3,NULL),(2799,4,'4',99,NULL,'RJ45',NULL,1,'4',4,NULL),(2800,0,'0',100,NULL,'RJ45',NULL,1,'0',0,NULL),(2801,1,'1',101,NULL,'RJ45',NULL,1,'1',1,NULL),(2802,2,'2',101,NULL,'RJ45',NULL,1,'2',2,NULL),(2803,3,'3',101,NULL,'RJ45',NULL,1,'3',3,NULL),(2804,4,'4',101,NULL,'RJ45',NULL,1,'4',4,NULL),(2805,0,'0',102,NULL,'RJ45',NULL,1,'0',0,NULL),(2806,1,'1',103,NULL,'RJ45',NULL,1,'1',1,NULL),(2807,2,'2',103,NULL,'RJ45',NULL,1,'2',2,NULL),(2808,3,'3',103,NULL,'RJ45',NULL,1,'3',3,NULL),(2809,4,'4',103,NULL,'RJ45',NULL,1,'4',4,NULL),(2810,0,'0',104,NULL,'RJ45',NULL,1,'0',0,NULL),(2811,1,'1',105,NULL,'RJ45',NULL,1,'1',1,NULL),(2812,2,'2',105,NULL,'RJ45',NULL,1,'2',2,NULL),(2813,3,'3',105,NULL,'RJ45',NULL,1,'3',3,NULL),(2814,4,'4',105,NULL,'RJ45',NULL,1,'4',4,NULL),(2815,0,'0',106,NULL,'RJ45',NULL,1,'0',0,NULL),(2816,1,'1',107,NULL,'RJ45',NULL,1,'1',1,NULL),(2817,2,'2',107,NULL,'RJ45',NULL,1,'2',2,NULL),(2818,3,'3',107,NULL,'RJ45',NULL,1,'3',3,NULL),(2819,4,'4',107,NULL,'RJ45',NULL,1,'4',4,NULL),(2820,0,'0',108,NULL,'RJ45',NULL,1,'0',0,NULL),(2821,1,'1',109,NULL,'RJ45',NULL,1,'1',1,NULL),(2822,2,'2',109,NULL,'RJ45',NULL,1,'2',2,NULL),(2823,3,'3',109,NULL,'RJ45',NULL,1,'3',3,NULL),(2824,4,'4',109,NULL,'RJ45',NULL,1,'4',4,NULL),(2825,0,'0',110,NULL,'RJ45',NULL,1,'0',0,NULL),(2826,1,'1',111,NULL,'RJ45',NULL,1,'1',1,NULL),(2827,2,'2',111,NULL,'RJ45',NULL,1,'2',2,NULL),(2828,3,'3',111,NULL,'RJ45',NULL,1,'3',3,NULL),(2829,4,'4',111,NULL,'RJ45',NULL,1,'4',4,NULL),(2830,0,'0',112,NULL,'RJ45',NULL,1,'0',0,NULL),(2831,1,'1',113,NULL,'RJ45',NULL,1,'1',1,NULL),(2832,2,'2',113,NULL,'RJ45',NULL,1,'2',2,NULL),(2833,3,'3',113,NULL,'RJ45',NULL,1,'3',3,NULL),(2834,4,'4',113,NULL,'RJ45',NULL,1,'4',4,NULL),(2835,0,'0',114,NULL,'RJ45',NULL,1,'0',0,NULL),(2836,1,'1',115,NULL,'RJ45',NULL,1,'1',1,NULL),(2837,2,'2',115,NULL,'RJ45',NULL,1,'2',2,NULL),(2838,3,'3',115,NULL,'RJ45',NULL,1,'3',3,NULL),(2839,4,'4',115,NULL,'RJ45',NULL,1,'4',4,NULL),(2840,0,'0',116,NULL,'RJ45',NULL,1,'0',0,NULL),(2841,1,'1',117,NULL,'RJ45',NULL,1,'1',1,NULL),(2842,2,'2',117,NULL,'RJ45',NULL,1,'2',2,NULL),(2843,3,'3',117,NULL,'RJ45',NULL,1,'3',3,NULL),(2844,4,'4',117,NULL,'RJ45',NULL,1,'4',4,NULL),(2845,0,'0',118,NULL,'RJ45',NULL,1,'0',0,NULL),(2846,0,'0',119,NULL,'RJ45',NULL,1,'0',0,NULL),(2847,0,'0',120,NULL,'RJ45',NULL,1,'0',0,NULL),(2848,0,'0',121,NULL,'RJ45',NULL,1,'0',0,NULL),(2849,0,'0',122,NULL,'RJ45',NULL,1,'0',0,NULL),(2850,0,'0',123,NULL,'RJ45',NULL,1,'0',0,NULL),(2851,0,'0',124,NULL,'RJ45',NULL,1,'0',0,NULL),(2852,0,'0',125,NULL,'RJ45',NULL,1,'0',0,NULL),(2853,0,'0',126,NULL,'RJ45',NULL,1,'0',0,NULL),(2854,0,'0',127,NULL,'RJ45',NULL,1,'0',0,NULL),(2855,0,'0',128,NULL,'RJ45',NULL,1,'0',0,NULL),(2856,0,'0',129,NULL,'RJ45',NULL,1,'0',0,NULL),(2857,0,'0',130,NULL,'RJ45',NULL,1,'0',0,NULL),(2858,0,'0',131,NULL,'RJ45',NULL,1,'0',0,NULL),(2859,0,'0',132,NULL,'RJ45',NULL,1,'0',0,NULL),(2860,0,'0',133,NULL,'RJ45',NULL,1,'0',0,NULL),(2861,0,'0',134,NULL,'RJ45',NULL,1,'0',0,NULL),(2862,0,'0',135,NULL,'RJ45',NULL,1,'0',0,NULL),(2863,0,'0',136,NULL,'RJ45',NULL,1,'0',0,NULL),(2864,0,'0',137,NULL,'RJ45',NULL,1,'0',0,NULL),(2865,0,'0',138,NULL,'RJ45',NULL,1,'0',0,NULL),(2866,0,'0',139,NULL,'RJ45',NULL,1,'0',0,NULL),(2867,0,'0',140,NULL,'RJ45',NULL,1,'0',0,NULL),(2868,0,'0',141,NULL,'RJ45',NULL,1,'0',0,NULL),(2869,0,'0',142,NULL,'RJ45',NULL,1,'0',0,NULL),(2870,0,'0',143,NULL,'RJ45',NULL,1,'0',0,NULL),(2871,0,'0',144,NULL,'RJ45',NULL,1,'0',0,NULL),(2872,0,'0',145,NULL,'RJ45',NULL,1,'0',0,NULL),(2873,0,'0',146,NULL,'RJ45',NULL,1,'0',0,NULL),(2874,0,'0',147,NULL,'RJ45',NULL,1,'0',0,NULL),(2875,0,'0',148,NULL,'RJ45',NULL,1,'0',0,NULL),(2876,0,'0',149,NULL,'RJ45',NULL,1,'0',0,NULL),(2877,0,'0',150,NULL,'RJ45',NULL,1,'0',0,NULL),(2878,0,'0',151,NULL,'RJ45',NULL,1,'0',0,NULL),(2879,0,'0',152,NULL,'RJ45',NULL,1,'0',0,NULL),(2880,0,'0',153,NULL,'RJ45',NULL,1,'0',0,NULL),(2881,0,'0',154,NULL,'RJ45',NULL,1,'0',0,NULL),(2882,0,'0',155,NULL,'RJ45',NULL,1,'0',0,NULL),(2883,0,'0',156,NULL,'RJ45',NULL,1,'0',0,NULL),(2884,0,'0',157,NULL,'RJ45',NULL,1,'0',0,NULL),(2885,0,'0',158,NULL,'RJ45',NULL,1,'0',0,NULL),(2886,0,'0',159,NULL,'RJ45',NULL,1,'0',0,NULL),(2887,0,'0',160,NULL,'RJ45',NULL,1,'0',0,NULL),(2888,0,'0',161,NULL,'RJ45',NULL,1,'0',0,NULL),(2889,0,'0',162,NULL,'RJ45',NULL,1,'0',0,NULL),(2890,0,'0',163,NULL,'RJ45',NULL,1,'0',0,NULL),(2891,0,'0',164,NULL,'RJ45',NULL,1,'0',0,NULL),(2892,0,'0',165,NULL,'RJ45',NULL,1,'0',0,NULL),(2893,0,'0',166,NULL,'RJ45',NULL,1,'0',0,NULL),(2894,0,'0',167,NULL,'RJ45',NULL,1,'0',0,NULL),(2895,0,'0',168,NULL,'RJ45',NULL,1,'0',0,NULL),(2896,0,'0',169,NULL,'RJ45',NULL,1,'0',0,NULL),(2897,0,'0',170,NULL,'RJ45',NULL,1,'0',0,NULL),(2898,0,'0',171,NULL,'RJ45',NULL,1,'0',0,NULL),(2899,0,'0',172,NULL,'RJ45',NULL,1,'0',0,NULL),(2900,0,'0',173,NULL,'RJ45',NULL,1,'0',0,NULL),(2901,0,'0',174,NULL,'RJ45',NULL,1,'0',0,NULL),(2902,0,'0',175,NULL,'RJ45',NULL,1,'0',0,NULL),(2903,0,'0',176,NULL,'RJ45',NULL,1,'0',0,NULL),(2904,0,'0',177,NULL,'RJ45',NULL,1,'0',0,NULL),(2905,0,'0',178,NULL,'RJ45',NULL,1,'0',0,NULL),(2906,0,'0',179,NULL,'RJ45',NULL,1,'0',0,NULL),(2907,0,'0',180,NULL,'RJ45',NULL,1,'0',0,NULL),(2908,0,'0',181,NULL,'RJ45',NULL,1,'0',0,NULL),(2909,1,'1',182,NULL,'RJ45',NULL,1,'1',1,NULL),(2910,2,'2',182,NULL,'RJ45',NULL,1,'2',2,NULL),(2911,3,'3',182,NULL,'RJ45',NULL,1,'3',3,NULL),(2912,4,'4',182,NULL,'RJ45',NULL,1,'4',4,NULL),(2913,5,'5',182,NULL,'RJ45',NULL,1,'5',5,NULL),(2914,6,'6',182,NULL,'RJ45',NULL,1,'6',6,NULL),(2915,7,'7',182,NULL,'RJ45',NULL,1,'7',7,NULL),(2916,8,'8',182,NULL,'RJ45',NULL,1,'8',8,NULL),(2917,9,'9',182,NULL,'RJ45',NULL,1,'9',9,NULL),(2918,10,'10',182,NULL,'RJ45',NULL,1,'10',10,NULL),(2919,11,'11',182,NULL,'RJ45',NULL,1,'11',11,NULL),(2920,12,'12',182,NULL,'RJ45',NULL,1,'12',12,NULL),(2921,13,'13',182,NULL,'RJ45',NULL,1,'13',13,NULL),(2922,14,'14',182,NULL,'RJ45',NULL,1,'14',14,NULL),(2923,15,'15',182,NULL,'RJ45',NULL,1,'15',15,NULL),(2924,16,'16',182,NULL,'RJ45',NULL,1,'16',16,NULL),(2925,0,'0',183,NULL,'RJ45',NULL,1,'0',0,NULL),(2926,1,'1',184,NULL,'RJ45',NULL,1,'1',1,NULL),(2927,2,'2',184,NULL,'RJ45',NULL,1,'2',2,NULL),(2928,3,'3',184,NULL,'RJ45',NULL,1,'3',3,NULL),(2929,4,'4',184,NULL,'RJ45',NULL,1,'4',4,NULL);
/*!40000 ALTER TABLE `port` ENABLE KEYS */;
UNLOCK TABLES;

--
-- Temporary table structure for view `port_describe`
--

DROP TABLE IF EXISTS `port_describe`;
/*!50001 DROP VIEW IF EXISTS `port_describe`*/;
SET @saved_cs_client     = @@character_set_client;
SET character_set_client = utf8;
/*!50001 CREATE TABLE `port_describe` (
  `id_port` tinyint NOT NULL,
  `description` tinyint NOT NULL
) ENGINE=MyISAM */;
SET character_set_client = @saved_cs_client;

--
-- Table structure for table `rollbackaction`
--

DROP TABLE IF EXISTS `rollbackaction`;
/*!40101 SET @saved_cs_client     = @@character_set_client */;
/*!40101 SET character_set_client = utf8 */;
CREATE TABLE `rollbackaction` (
  `id` bigint(20) unsigned NOT NULL AUTO_INCREMENT,
  `actionuser` varchar(255) NOT NULL,
  `ip` varchar(100) DEFAULT NULL,
  `date_action` varchar(100) NOT NULL DEFAULT current_timestamp(),
  PRIMARY KEY (`id`)
) ENGINE=InnoDB AUTO_INCREMENT=72 DEFAULT CHARSET=utf8mb4;
/*!40101 SET character_set_client = @saved_cs_client */;

--
-- Dumping data for table `rollbackaction`
--

LOCK TABLES `rollbackaction` WRITE;
/*!40000 ALTER TABLE `rollbackaction` DISABLE KEYS */;
INSERT INTO `rollbackaction` VALUES (1,'insert into link(id_port1, id_port2, Commentaire, ip_update) values (1936,2162,\"\",\"\") ;','192.168.100.10','2020-10-22 09:36:52'),(2,'delete from link where id_link = 870;','192.168.100.10','2020-10-22 09:37:53'),(3,'insert into link(id_port1, id_port2, Commentaire, ip_update) values (1933,2163,\"\",\"\") ;','192.168.100.10','2020-10-22 09:38:33'),(4,'delete from link where id_link = 871;','192.168.100.10','2020-10-22 09:39:10'),(5,'delete from link where id_link = 872;','192.168.100.10','2020-10-22 09:44:08'),(7,'update port set  id_user = null, ip_update = \"\" where id_port = 2117;','127.0.0.1','2020-11-03 13:22:51'),(8,'update port set  id_user = 77, ip_update = \"127.0.0.1\" where id_port = 2117;','127.0.0.1','2020-11-03 13:23:01'),(9,'update port set  id_user = null, ip_update = \"127.0.0.1\" where id_port = 2117;','127.0.0.1','2020-11-03 13:23:13'),(10,'delete from link where id_link = 873;','127.0.0.1','2020-11-06 09:27:28'),(11,'insert into link(id_port1, id_port2, Commentaire, ip_update) values (98,123,\"\",\"127.0.0.1\") ;','127.0.0.1','2020-11-06 09:27:36'),(12,'delete from link where id_link = 874;','127.0.0.1','2020-11-06 10:06:07'),(13,'insert into link(id_port1, id_port2, Commentaire, ip_update) values (98,123,\"\",\"127.0.0.1\") ;','127.0.0.1','2020-11-06 10:06:12'),(14,'delete from link where id_link = 875;','127.0.0.1','2020-11-06 10:07:55'),(15,'insert into link(id_port1, id_port2, Commentaire, ip_update) values (98,123,\"\",\"127.0.0.1\") ;','127.0.0.1','2020-11-06 10:08:03'),(16,'delete from link where id_link = 876;','127.0.0.1','2020-11-06 10:09:07'),(17,'insert into link(id_port1, id_port2, Commentaire, ip_update) values (98,123,\"\",\"127.0.0.1\") ;','127.0.0.1','2020-11-06 10:09:12'),(18,'delete from link where id_link = 877;','127.0.0.1','2020-11-06 10:10:37'),(19,'insert into link(id_port1, id_port2, Commentaire, ip_update) values (98,123,\"\",\"127.0.0.1\") ;','127.0.0.1','2020-11-06 10:10:41'),(20,'delete from link where id_link = 878;','127.0.0.1','2020-11-06 10:14:29'),(21,'insert into link(id_port1, id_port2, Commentaire, ip_update) values (98,123,\"\",\"127.0.0.1\") ;','127.0.0.1','2020-11-06 10:14:33'),(22,'delete from link where id_link = 879;','127.0.0.1','2020-11-06 10:15:55'),(23,'insert into link(id_port1, id_port2, Commentaire, ip_update) values (98,123,\"\",\"127.0.0.1\") ;','127.0.0.1','2020-11-06 10:15:59'),(24,'delete from link where id_link = 880;','127.0.0.1','2020-11-06 10:46:04'),(25,'insert into link(id_port1, id_port2, Commentaire, ip_update) values (98,123,\"\",\"127.0.0.1\") ;','127.0.0.1','2020-11-06 10:46:09'),(26,'delete from link where id_link = 881;','127.0.0.1','2020-11-06 10:47:58'),(27,'insert into link(id_port1, id_port2, Commentaire, ip_update) values (98,123,\"\",\"127.0.0.1\") ;','127.0.0.1','2020-11-06 10:48:03'),(28,'delete from link where id_link = 882;','127.0.0.1','2020-11-06 10:51:04'),(29,'insert into link(id_port1, id_port2, Commentaire, ip_update) values (98,123,\"\",\"127.0.0.1\") ;','127.0.0.1','2020-11-06 10:51:09'),(30,'delete from link where id_link = 883;','127.0.0.1','2020-11-06 10:55:17'),(31,'insert into link(id_port1, id_port2, Commentaire, ip_update) values (98,123,\"\",\"127.0.0.1\") ;','127.0.0.1','2020-11-06 10:55:23'),(32,'update port set  id_user = null, ip_update = \"\" where id_port = 2;','127.0.0.1','2020-11-06 11:00:13'),(33,'update port set  id_user = 77, ip_update = \"127.0.0.1\" where id_port = 2;','127.0.0.1','2020-11-06 11:00:26'),(34,'delete from link where id_link = 884;','127.0.0.1','2020-11-10 10:05:19'),(35,'insert into link(id_port1, id_port2, Commentaire, ip_update) values (86,87,\"\",\"127.0.0.1\") ;','127.0.0.1','2020-11-10 10:10:28'),(36,'update port set  id_user = 77, ip_update = \"\" where id_port = 97;','127.0.0.1','2020-11-11 18:18:57'),(37,'update port set  id_user = null, ip_update = \"127.0.0.1\" where id_port = 97;','127.0.0.1','2020-11-11 18:19:30'),(38,'update port set  id_user = 77, ip_update = \"127.0.0.1\" where id_port = 97;','127.0.0.1','2020-11-11 18:23:09'),(39,'update port set  id_user = null, ip_update = \"127.0.0.1\" where id_port = 97;','127.0.0.1','2020-11-11 18:23:21'),(40,'delete from link where id_link = 889;','127.0.0.1','2020-11-13 14:49:26'),(41,'insert into link(id_port1, id_port2, Commentaire, ip_update) values (2117,2925,\"\",\"127.0.0.1\") ;','127.0.0.1','2020-11-13 14:51:03'),(42,'delete from link where id_link = 890;','127.0.0.1','2020-11-13 14:51:54'),(43,'insert into link(id_port1, id_port2, Commentaire, ip_update) values (2117,2925,\"\",\"127.0.0.1\") ;','127.0.0.1','2020-11-13 14:52:02'),(44,'update port set  id_user = 77, ip_update = \"127.0.0.1\" where id_port = 2117;','127.0.0.1','2020-11-13 15:18:21'),(45,'update port set  id_user = null, ip_update = \"127.0.0.1\" where id_port = 2117;','127.0.0.1','2020-11-13 15:18:43'),(46,'update port set  id_user = 77, ip_update = \"127.0.0.1\" where id_port = 2117;','127.0.0.1','2020-11-13 15:22:30'),(47,'update port set  id_user = null, ip_update = \"127.0.0.1\" where id_port = 2117;','127.0.0.1','2020-11-13 15:22:37'),(48,'update port set  id_user = 77, ip_update = \"127.0.0.1\" where id_port = 2117;','127.0.0.1','2020-11-13 15:23:59'),(49,'update port set  id_user = null, ip_update = \"127.0.0.1\" where id_port = 2117;','127.0.0.1','2020-11-13 15:24:52'),(50,'update port set  id_user = 77, ip_update = \"127.0.0.1\" where id_port = 2117;','127.0.0.1','2020-11-13 15:28:26'),(51,'update port set  id_user = null, ip_update = \"127.0.0.1\" where id_port = 2117;','127.0.0.1','2020-11-13 15:28:32'),(52,'update port set  id_user = 77, ip_update = \"127.0.0.1\" where id_port = 2117;','127.0.0.1','2020-11-13 15:28:39'),(53,'update port set  id_user = null, ip_update = \"127.0.0.1\" where id_port = 2117;','127.0.0.1','2020-11-13 15:28:44'),(54,'update port set  id_user = 77, ip_update = \"127.0.0.1\" where id_port = 97;','127.0.0.1','2020-11-18 10:32:10'),(55,'update port set  id_user = null, ip_update = \"127.0.0.1\" where id_port = 97;','127.0.0.1','2020-11-18 10:32:16'),(56,'delete from link where id_link = 891;','127.0.0.1','2020-11-19 21:01:36'),(57,'insert into link(id_port1, id_port2, Commentaire, ip_update) values (98,2195,\"\",\"127.0.0.1\") ;','127.0.0.1','2020-11-19 21:04:32'),(58,'delete from link where id_link = 892;','127.0.0.1','2020-11-19 21:05:00'),(59,'insert into link(id_port1, id_port2, Commentaire, ip_update) values (98,2195,\"\",\"127.0.0.1\") ;','127.0.0.1','2020-11-19 21:05:08'),(60,'delete from link where id_link = 893;','127.0.0.1','2020-11-29 11:20:32'),(61,'insert into link(id_port1, id_port2, ip_update) values (98,352,\"127.0.0.1\") ;','127.0.0.1','2020-11-29 11:23:10'),(62,'delete from link where id_link = 894;','127.0.0.1','2021-01-18 14:34:40'),(63,'delete from link where id_link = 895;','127.0.0.1','2021-01-18 14:35:00'),(64,'insert into link(id_port1, id_port2, ip_update) values (98,2117,\"127.0.0.1\") ;','127.0.0.1','2021-01-20 09:56:53'),(65,'insert into link(id_port1, id_port2, ip_update) values (97,98,\"127.0.0.1\") ;','127.0.0.1','2021-01-20 09:56:56'),(66,'delete from link where id_link = 896;','127.0.0.1','2021-01-20 10:39:53'),(67,'insert into link(id_port1, id_port2, ip_update) values (97,100,\"127.0.0.1\") ;','127.0.0.1','2021-01-20 10:40:34'),(68,'delete from link where id_link = 897;','127.0.0.1','2021-01-20 10:41:28'),(69,'delete from link where id_link = 898;','127.0.0.1','2021-01-20 15:05:15'),(70,'insert into link(id_port1, id_port2, ip_update) values (2117,2118,\"127.0.0.1\") ;','127.0.0.1','2021-01-20 15:07:10'),(71,'insert into link(id_port1, id_port2, ip_update) values (98,100,\"127.0.0.1\") ;','127.0.0.1','2021-01-20 15:07:14');
/*!40000 ALTER TABLE `rollbackaction` ENABLE KEYS */;
UNLOCK TABLES;

--
-- Table structure for table `salle`
--

DROP TABLE IF EXISTS `salle`;
/*!40101 SET @saved_cs_client     = @@character_set_client */;
/*!40101 SET character_set_client = utf8 */;
CREATE TABLE `salle` (
  `id_salle` int(10) unsigned NOT NULL AUTO_INCREMENT,
  `nom_salle` varchar(100) NOT NULL,
  `id_site` int(10) unsigned NOT NULL,
  PRIMARY KEY (`id_salle`)
) ENGINE=InnoDB AUTO_INCREMENT=3 DEFAULT CHARSET=latin1;
/*!40101 SET character_set_client = @saved_cs_client */;

--
-- Dumping data for table `salle`
--

LOCK TABLES `salle` WRITE;
/*!40000 ALTER TABLE `salle` DISABLE KEYS */;
INSERT INTO `salle` VALUES (1,'Sous-sol',1),(2,'Lab DSB',1);
/*!40000 ALTER TABLE `salle` ENABLE KEYS */;
UNLOCK TABLES;

--
-- Table structure for table `site`
--

DROP TABLE IF EXISTS `site`;
/*!40101 SET @saved_cs_client     = @@character_set_client */;
/*!40101 SET character_set_client = utf8 */;
CREATE TABLE `site` (
  `id_site` int(10) unsigned NOT NULL AUTO_INCREMENT,
  `Nom` varchar(100) NOT NULL,
  PRIMARY KEY (`id_site`)
) ENGINE=InnoDB AUTO_INCREMENT=2 DEFAULT CHARSET=latin1;
/*!40101 SET character_set_client = @saved_cs_client */;

--
-- Dumping data for table `site`
--

LOCK TABLES `site` WRITE;
/*!40000 ALTER TABLE `site` DISABLE KEYS */;
INSERT INTO `site` VALUES (1,'Le Sulky');
/*!40000 ALTER TABLE `site` ENABLE KEYS */;
UNLOCK TABLES;

--
-- Table structure for table `user`
--

DROP TABLE IF EXISTS `user`;
/*!40101 SET @saved_cs_client     = @@character_set_client */;
/*!40101 SET character_set_client = utf8 */;
CREATE TABLE `user` (
  `id_user` int(11) NOT NULL AUTO_INCREMENT,
  `nom_user` varchar(100) NOT NULL,
  `login` varchar(100) DEFAULT NULL,
  PRIMARY KEY (`id_user`),
  UNIQUE KEY `UK_user_nom` (`nom_user`)
) ENGINE=InnoDB AUTO_INCREMENT=157 DEFAULT CHARSET=latin1;
/*!40101 SET character_set_client = @saved_cs_client */;

--
-- Dumping data for table `user`
--

LOCK TABLES `user` WRITE;
/*!40000 ALTER TABLE `user` DISABLE KEYS */;
INSERT INTO `user` VALUES (1,'Pascal ZAMBELLI','pzambelli'),(5,'Christophe CAMENSULI','ccamensuli'),(9,'Olivier CHIROSSEL','ochirossel'),(13,'Olivier CASTILLO','ocastillo'),(17,'Cyril RICHARD','crichard'),(21,'Sylvain HEUDE','sheude'),(25,'Eya BOUTITI',NULL),(29,'Mehdi GHESH','mghesh'),(33,'Anthony FERRAND','aferrand'),(37,'Stephane RICHARD','srichard'),(41,'Philippe DEDIEU','pdedieu'),(45,'Mohamed-Amine HAMEL',NULL),(49,'Georges LAFORET','glaforet'),(53,'Laurent BENDEL','lbendel'),(57,'Ahmed KAIBI','akaibi'),(61,'Vincent ARTAUD','vartaud'),(65,'Fabrice BELLE','fbelle'),(69,'Vincent PASSELANDE','vpasselande'),(73,'Salle Réunion E1 004',NULL),(77,'Jean-Louis PREZUT','jlprezut'),(81,'Joelle MICHEL','jmichel'),(85,'Achraf ZAKRAF','azakraf'),(89,'Xavier TRENTIN','xtrentin'),(93,'Olivier GARNIER','ogarnier'),(97,'Sara TLIBA','stliba'),(101,'Jean-Christophe BOISSIER','jcboissier'),(105,'Pascal ROBIN','probin'),(109,'ELHADJI Tamsir SAMBA','tsamba'),(113,'Stéphanie CREMIEUX','scremieux'),(117,'Brice BULGARELLI','bbulgarelli'),(121,'Emmanuel LUCET','elucet'),(125,'Laurent ALLEMANI','lallemani'),(129,'Olivier PAVIOT','opaviot'),(130,'Salle Réunion P1 001',NULL),(131,'Salle Réunion E1 040 (B2B)',NULL),(132,'RDC Expert',NULL),(133,'rbt','rbt'),(134,'guest','guest'),(135,'Damien GARCIA','dgarcia'),(136,'Pascal BOURVERON','pbouveron'),(137,'Poste Libre GP',NULL),(138,'Poste Libre ENTREPRISE',NULL),(139,'LAB 01',NULL),(140,'LAB 02',NULL),(141,'LAB 03',NULL),(142,'LAB 04',NULL),(143,'LAB 05',NULL),(144,'LAB 06',NULL),(145,'LAB 07',NULL),(146,'LAB 08',NULL),(147,'LAB 09',NULL),(148,'LAB 10',NULL),(149,'LAB 11',NULL),(150,'LAB 12',NULL),(151,'LAB 13',NULL),(152,'LAB 14',NULL),(153,'LAB 15',NULL),(154,'LAB 16',NULL),(155,'LAB 17',NULL),(156,'LAB 18',NULL);
/*!40000 ALTER TABLE `user` ENABLE KEYS */;
UNLOCK TABLES;

--
-- Temporary table structure for view `vue_users`
--

DROP TABLE IF EXISTS `vue_users`;
/*!50001 DROP VIEW IF EXISTS `vue_users`*/;
SET @saved_cs_client     = @@character_set_client;
SET character_set_client = utf8;
/*!50001 CREATE TABLE `vue_users` (
  `type_obj` tinyint NOT NULL,
  `id_obj` tinyint NOT NULL,
  `id` tinyint NOT NULL,
  `name` tinyint NOT NULL
) ENGINE=MyISAM */;
SET character_set_client = @saved_cs_client;

--
-- Final view structure for view `liste_erreurs`
--

/*!50001 DROP TABLE IF EXISTS `liste_erreurs`*/;
/*!50001 DROP VIEW IF EXISTS `liste_erreurs`*/;
/*!50001 SET @saved_cs_client          = @@character_set_client */;
/*!50001 SET @saved_cs_results         = @@character_set_results */;
/*!50001 SET @saved_col_connection     = @@collation_connection */;
/*!50001 SET character_set_client      = utf8mb4 */;
/*!50001 SET character_set_results     = utf8mb4 */;
/*!50001 SET collation_connection      = utf8mb4_general_ci */;
/*!50001 CREATE ALGORITHM=UNDEFINED */
/*!50013 DEFINER=`jlp`@`%` SQL SECURITY DEFINER */
/*!50001 VIEW `liste_erreurs` AS select `b`.`id_baie` AS `id_baie`,`b`.`nom_baie` AS `nom_baie`,`e`.`type` AS `type`,`e`.`id_equipement` AS `id_equipement`,`e`.`description` AS `description`,`p`.`id_port` AS `id_port`,`p`.`numero_port` AS `numero_port`,`p`.`libelle` AS `libelle`,count(`f1`.`id_link`) + count(`f2`.`id_link`) AS `nb_link` from ((`baie` `b` join `equipement` `e`) join ((`port` `p` left join `link` `f1` on(`p`.`id_port` = `f1`.`id_port1`)) left join `link` `f2` on(`p`.`id_port` = `f2`.`id_port2`))) where `p`.`id_equipement` = `e`.`id_equipement` and `e`.`type` = 'PreQuadrupleur' and `e`.`id_baie` = `b`.`id_baie` group by `e`.`id_equipement`,`p`.`id_port` having `nb_link` <> 4 and `nb_link` <> 5 union select `b`.`id_baie` AS `id_baie`,`b`.`nom_baie` AS `nom_baie`,`e`.`type` AS `type`,`e`.`id_equipement` AS `id_equipement`,`e`.`description` AS `description`,`p`.`id_port` AS `id_port`,`p`.`numero_port` AS `numero_port`,`p`.`libelle` AS `libelle`,count(`f1`.`id_link`) + count(`f2`.`id_link`) AS `nb_link` from ((`baie` `b` join `equipement` `e`) join ((`port` `p` left join `link` `f1` on(`p`.`id_port` = `f1`.`id_port1`)) left join `link` `f2` on(`p`.`id_port` = `f2`.`id_port2`))) where `p`.`id_equipement` = `e`.`id_equipement` and `e`.`type` = 'InterBaie' and `e`.`id_baie` = `b`.`id_baie` group by `e`.`id_equipement`,`p`.`id_port` having `nb_link` > 2 or `nb_link` = 1 union select `b`.`id_baie` AS `id_baie`,`b`.`nom_baie` AS `nom_baie`,`e`.`type` AS `type`,`e`.`id_equipement` AS `id_equipement`,`e`.`description` AS `description`,`p`.`id_port` AS `id_port`,`p`.`numero_port` AS `numero_port`,`p`.`libelle` AS `libelle`,count(`f1`.`id_link`) + count(`f2`.`id_link`) AS `nb_link` from ((`baie` `b` join `equipement` `e`) join ((`port` `p` left join `link` `f1` on(`p`.`id_port` = `f1`.`id_port1`)) left join `link` `f2` on(`p`.`id_port` = `f2`.`id_port2`))) where `p`.`id_equipement` = `e`.`id_equipement` and `e`.`type` = 'Quadrupleur' and `e`.`id_baie` = `b`.`id_baie` group by `e`.`id_equipement`,`p`.`id_port` having `nb_link` > 2 union select `b`.`id_baie` AS `id_baie`,`b`.`nom_baie` AS `nom_baie`,`e`.`type` AS `type`,`e`.`id_equipement` AS `id_equipement`,`e`.`description` AS `description`,`p`.`id_port` AS `id_port`,`p`.`numero_port` AS `numero_port`,`p`.`libelle` AS `libelle`,count(`f1`.`id_link`) + count(`f2`.`id_link`) AS `nb_link` from ((`baie` `b` join `equipement` `e`) join ((`port` `p` left join `link` `f1` on(`p`.`id_port` = `f1`.`id_port1`)) left join `link` `f2` on(`p`.`id_port` = `f2`.`id_port2`))) where `p`.`id_equipement` = `e`.`id_equipement` and `e`.`type` not in ('Quadrupleur','InterBaie','PreQuadrupleur') and `e`.`id_baie` = `b`.`id_baie` group by `e`.`id_equipement`,`p`.`id_port` having `nb_link` > 1 */;
/*!50001 SET character_set_client      = @saved_cs_client */;
/*!50001 SET character_set_results     = @saved_cs_results */;
/*!50001 SET collation_connection      = @saved_col_connection */;

--
-- Final view structure for view `liste_ports_erreur`
--

/*!50001 DROP TABLE IF EXISTS `liste_ports_erreur`*/;
/*!50001 DROP VIEW IF EXISTS `liste_ports_erreur`*/;
/*!50001 SET @saved_cs_client          = @@character_set_client */;
/*!50001 SET @saved_cs_results         = @@character_set_results */;
/*!50001 SET @saved_col_connection     = @@collation_connection */;
/*!50001 SET character_set_client      = utf8mb4 */;
/*!50001 SET character_set_results     = utf8mb4 */;
/*!50001 SET collation_connection      = utf8mb4_general_ci */;
/*!50001 CREATE ALGORITHM=UNDEFINED */
/*!50013 DEFINER=`jlp`@`%` SQL SECURITY DEFINER */
/*!50001 VIEW `liste_ports_erreur` AS select distinct `liste_erreurs`.`id_port` AS `id_port` from `liste_erreurs` */;
/*!50001 SET character_set_client      = @saved_cs_client */;
/*!50001 SET character_set_results     = @saved_cs_results */;
/*!50001 SET collation_connection      = @saved_col_connection */;

--
-- Final view structure for view `port_describe`
--

/*!50001 DROP TABLE IF EXISTS `port_describe`*/;
/*!50001 DROP VIEW IF EXISTS `port_describe`*/;
/*!50001 SET @saved_cs_client          = @@character_set_client */;
/*!50001 SET @saved_cs_results         = @@character_set_results */;
/*!50001 SET @saved_col_connection     = @@collation_connection */;
/*!50001 SET character_set_client      = utf8mb4 */;
/*!50001 SET character_set_results     = utf8mb4 */;
/*!50001 SET collation_connection      = utf8mb4_general_ci */;
/*!50001 CREATE ALGORITHM=UNDEFINED */
/*!50013 DEFINER=`jlp`@`%` SQL SECURITY DEFINER */
/*!50001 VIEW `port_describe` AS select `a`.`id_port` AS `id_port`,concat('Baie ',`b`.`nom_baie`,' / ',`e`.`description`,' (',`e`.`type`,') / Port : ',`a`.`libelle`,ifnull((select concat(' (User : ',`u`.`nom_user`,')') from `user` `u` where `u`.`id_user` = `a`.`id_user`),'')) AS `description` from ((`port` `a` join `equipement` `e`) join `baie` `b`) where `a`.`id_equipement` = `e`.`id_equipement` and `e`.`id_baie` = `b`.`id_baie` */;
/*!50001 SET character_set_client      = @saved_cs_client */;
/*!50001 SET character_set_results     = @saved_cs_results */;
/*!50001 SET collation_connection      = @saved_col_connection */;

--
-- Final view structure for view `vue_users`
--

/*!50001 DROP TABLE IF EXISTS `vue_users`*/;
/*!50001 DROP VIEW IF EXISTS `vue_users`*/;
/*!50001 SET @saved_cs_client          = @@character_set_client */;
/*!50001 SET @saved_cs_results         = @@character_set_results */;
/*!50001 SET @saved_col_connection     = @@collation_connection */;
/*!50001 SET character_set_client      = utf8mb4 */;
/*!50001 SET character_set_results     = utf8mb4 */;
/*!50001 SET collation_connection      = utf8mb4_general_ci */;
/*!50001 CREATE ALGORITHM=UNDEFINED */
/*!50013 DEFINER=`jlp`@`%` SQL SECURITY DEFINER */
/*!50001 VIEW `vue_users` AS select 'user' AS `type_obj`,`user`.`id_user` AS `id_obj`,concat(`user`.`id_user`,'-user') AS `id`,`user`.`nom_user` AS `name` from `user` */;
/*!50001 SET character_set_client      = @saved_cs_client */;
/*!50001 SET character_set_results     = @saved_cs_results */;
/*!50001 SET collation_connection      = @saved_col_connection */;
/*!40103 SET TIME_ZONE=@OLD_TIME_ZONE */;

/*!40101 SET SQL_MODE=@OLD_SQL_MODE */;
/*!40014 SET FOREIGN_KEY_CHECKS=@OLD_FOREIGN_KEY_CHECKS */;
/*!40014 SET UNIQUE_CHECKS=@OLD_UNIQUE_CHECKS */;
/*!40101 SET CHARACTER_SET_CLIENT=@OLD_CHARACTER_SET_CLIENT */;
/*!40101 SET CHARACTER_SET_RESULTS=@OLD_CHARACTER_SET_RESULTS */;
/*!40101 SET COLLATION_CONNECTION=@OLD_COLLATION_CONNECTION */;
/*!40111 SET SQL_NOTES=@OLD_SQL_NOTES */;

-- Dump completed on 2021-07-02 11:20:59
